'ABGR4',,,'Abelia x grandiflora','Abelia','GRANDIFLORA',,'Glossy Abelia','No','Late Summer','Fall','Yes','Yes','No','No',,,0,,'6',
'ABAL3',,'CEL OTHER','Abies alba','Abies','ALBA',,'Silver Fir','No',,,,,,'No',,,0,,,
'ABFR',,'CEL OTHER','Abies fraseri','Abies','FRASERI',,'Fraser Fir','Yes','Mid Spring','Fall','No','No','No','No',,,0,,'20',
'ACBA3',,'ACRU','Acer barbatum','Acer','BARBATUM',,'Southern Sugar Maple','Yes','Mid Spring','Summer','Yes','No','Yes','No',,,0,,'30',
'ACFR',,'BDL OTHER','Acer x freemanii','Acer','FREEMANII',,'Freeman Maple','Yes',,,,,,'No',,,0,,,
'ACLE',,'ACRU','Acer leucoderme','Acer','LEUCODERME',,'Chalk Maple','Yes',,,,,,'No',,,0,,,
'ACNE2',,'ACNE','Acer negundo','Acer','NEGUNDO',,'Boxelder','Yes','Early Spring','Fall','Yes','No','Yes','Yes',,'http://plants.usda.gov/plantguide/pdf/pg_acne2.pdf',0,,'35',
'ACNEN',,,'Acer negundo var. negundo','Acer','NEGUNDO',,'Boxelder N','Yes',,,,,,'No',,,0,,,
'ACNET',,,'Acer negundo var. texanum','Acer','NEGUNDO',,'Boxelder T','Yes',,,,,,'No',,,0,,,
'ACNI5',,'ACRU','Acer nigrum','Acer','NIGRUM',,'Black Maple','Yes','Late Spring','Fall','Yes','No','Yes','No',,,0,,'28',
'ACPE',,'ACPL','Acer pensylvanicum','Acer','PENSYLVANICUM',,'Striped Maple','Yes','Late Spring','Fall','Yes','No','No','Yes',,,0,,'25',
'ACPL',,'ACPL','Acer platanoides','Acer','PLATANOIDES','Crimson King','Norway Maple','No','Mid Spring','Fall','Yes','No','No','No',,,0,,'35',
'ACPS',,'ACPL','Acer pseudoplatanus','Acer','PSEUDOPLATANUS',,'Sycamore Maple','No','Late Spring','Summer','No','No','No','Yes',,,0,,'60',
'ACRU',,'ACRU','Acer rubrum','Acer','RUBRUM',,'Red Maple','Yes','Early Spring','Spring','Yes','Yes','Yes','Yes','http://plants.usda.gov/factsheet/pdf/fs_acru.pdf','http://plants.usda.gov/plantguide/pdf/pg_acru.pdf',0,,'35',
'ACRUD',,'ACRU','Acer rubrum var. drummondii','Acer','RUBRUM',,'Drummond''s Maple','Yes',,,,,,'No',,,0,,,
'ACRUR',,,'Acer rubrum var. rubrum','Acer','RUBRUM',,'Red Maple R','Yes',,,,,,'No',,,0,,,
'ACRUT',,,'Acer rubrum var. trilobum','Acer','RUBRUM',,'Red Maple T','Yes',,,,,,'No',,,0,,,
'ACSA2',,'ACSA1','Acer saccharinum','Acer','SACCHARINUM',,'Silver Maple','Yes','Early Spring','Fall','Yes','Yes','Yes','Yes','http://plants.usda.gov/factsheet/pdf/fs_acsa2.pdf','http://plants.usda.gov/plantguide/pdf/pg_acsa2.pdf',0,,'45',
'ACSA3',,'ACSA2','Acer saccharum','Acer','SACCHARUM',,'Sugar Maple','Yes','Mid Spring','Fall','Yes','No','Yes','No',,'http://plants.usda.gov/plantguide/pdf/pg_acsa3.pdf',0,,'20',
'ACSAS',,,'Acer saccharum var. saccharum','Acer','SACCHARUM',,'Sugar Maple S','Yes',,,,,,'No',,,0,,,
'ACSP2',,'ACRU','Acer spicatum','Acer','SPICATUM',,'Mountain Maple','Yes','Spring','Fall','Yes','No','No','Yes',,,0,,'25',
'AEFL',,'BDL OTHER','Aesculus flava','Aesculus','FLAVA',,'Yellow Buckeye','Yes','Late Spring','Fall','Yes','Yes','No','No',,,0,,'30',
'AEHI',,'BDM OTHER','Aesculus hippocastanum','Aesculus','HIPPOCASTANUM',,'Horse Chestnut','No',,,,,,'No',,,0,,,
'AEMU',,'BDM OTHER','Aesculus xmutabilis','Aesculus','MUTABILIS',,'Aesculus Xmutabilis','Yes',,,,,,'No',,,0,,,
'AENE',,'BDM OTHER','Aesculus xneglecta','Aesculus','NEGLECTA',,'Aesculus Xneglecta','Yes',,,,,,'No',,,0,,,
'AEPA',,'BDS OTHER','Aesculus pavia','Aesculus','PAVIA',,'Red Buckeye','Yes','Late Spring','Fall','No','Yes','No','Yes',,,0,,'12',
'AEPAP',,,'Aesculus pavia var. pavia','Aesculus','PAVIA',,'Red Buckeye P','Yes',,,,,,'No',,,0,,,
'AESY',,'BDM OTHER','Aesculus sylvatica','Aesculus','SYLVATICA',,'Painted Buckeye','Yes','Mid Spring','Fall','Yes','Yes','No','No',,,0,,'30',
'AEWO',,'BDM OTHER','Aesculus xworlitzensis','Aesculus','WORLITZENSIS',,'Aesculus Xworlitzensis','Yes',,,,,,'No',,,0,,,
'AGPO2',,,'Agarista populifolia','Agarista','POPULIFOLIA',,'Florida Hobblebush','Yes',,,,,,'No',,,0,,,
'AIAL',,'BDL OTHER','Ailanthus altissima','Ailanthus','ALTISSIMA',,'Tree Of Heaven','No','Late Spring','Fall','No','Yes','No','Yes',,,0,,'50',
'ALJU',,'BDS OTHER','Albizia julibrissin','Albizia','JULIBRISSIN',,'Silktree','No','Mid Summer','Fall','No','Yes','No','Yes',,,0,,'20',
'ALSE2',,'BDM OTHER','Alnus serrulata','Alnus','SERRULATA',,'Hazel Alder','Yes','Spring','Summer','No','No','No','Yes','http://plants.usda.gov/factsheet/pdf/fs_alse2.pdf',,0,,'12',
'ALVI5',,'BDM OTHER','Alnus viridis','Alnus','VIRIDIS',,'Green Alder','Yes',,,,,,'No',,,0,,,
'ALVIC',,'BDM OTHER','Alnus viridis ssp. crispa','Alnus','VIRIDIS',,'Mountain Alder','Yes','Summer','Fall','No','No','No','Yes',,,0,,'10',
'ALTR6',,,'Aloysia triphylla','Aloysia','TRIPHYLLA',,'Lemon Beebrush','No',,,,,,'No',,,0,,,
'AMAR3',,'BDS OTHER','Amelanchier arborea','Amelanchier','ARBOREA',,'Common Serviceberry','Yes','Mid Spring','Summer','Yes','Yes','Yes','Yes',,'http://plants.usda.gov/plantguide/pdf/pg_amar3.pdf',0,,'25',
'AMARA3',,'BDS OTHER','Amelanchier arborea var. alabamensis','Amelanchier','ARBOREA',,'Alabama Serviceberry','Yes',,,,,,'No',,,0,,,
'AMARA4',,,'Amelanchier arborea var. arborea','Amelanchier','ARBOREA',,'Common Serviceberry A','Yes',,,,,,'No',,,0,,,
'AMARA5',,'BDS OTHER','Amelanchier arborea var. austromontana','Amelanchier','ARBOREA',,'Downy Serviceberry','Yes',,,,,,'No',,,0,,,
'AMCA4',,'BDS OTHER','Amelanchier canadensis','Amelanchier','CANADENSIS',,'Canadian Serviceberry','Yes','Mid Spring','Fall','Yes','Yes','Yes','Yes',,,0,,'20',
'AMIN4',,'BDS OTHER','Amelanchier xintermedia','Amelanchier','INTERMEDIA',,'Intermediate Shadbush','Yes',,,,,,'No',,,0,,,
'AMLA',,'BDS OTHER','Amelanchier laevis','Amelanchier','LAEVIS',,'Allegheny Serviceberry','Yes','Early Spring','Summer','Yes','Yes','No','Yes',,,0,,'30',
'AMOB2',,'BDS OTHER','Amelanchier obovalis','Amelanchier','OBOVALIS',,'Coastal Serviceberry','Yes','Early Spring','Fall','Yes','Yes','No','No',,,0,,'10',
'AMSA',,'BDS OTHER','Amelanchier sanguinea','Amelanchier','SANGUINEA',,'Roundleaf Serviceberry','Yes','Late Spring','Fall','No','Yes','No','Yes',,,0,,'10',
'AMSAS',,'BDS OTHER','Amelanchier sanguinea var. sanguinea','Amelanchier','SANGUINEA',,'Roundleaf Serviceberry 2','Yes',,,,,,'No',,,0,,,
'AMST80',,'BDS OTHER','Amelanchier stolonifera','Amelanchier','STOLONIFERA',,'Running Serviceberry','Yes',,,,,,'No',,,0,,,
'AMFR',,'BDS OTHER','Amorpha fruticosa','Amorpha','FRUTICOSA','Dark Lance','Desert False Indigo','Yes','Early Spring','Fall','Yes','Yes','No','Yes',,'http://plants.usda.gov/plantguide/pdf/pg_amfr.pdf',0,,'6',
'AMGE',,,'Amorpha georgiana','Amorpha','GEORGIANA',,'Georgia False Indigo','Yes',,,,,,'No',,,0,,,
'AMGEC',,,'Amorpha georgiana var. confusa','Amorpha','GEORGIANA',,'Georgia False Indigo C','Yes',,,,,,'No',,,0,,,
'AMGEG',,,'Amorpha georgiana var. georgiana','Amorpha','GEORGIANA',,'Georgia False Indigo G','Yes',,,,,,'No',,,0,,,
'AMGL2',,,'Amorpha glabra','Amorpha','GLABRA',,'Mountain False Indigo','Yes','Mid Spring','Fall','No','Yes','No','Yes',,,0,,'16',
'AMHE',,,'Amorpha herbacea','Amorpha','HERBACEA',,'Clusterspike False Indigo','Yes',,,,,,'No',,,0,,,
'AMHEH',,,'Amorpha herbacea var. herbacea','Amorpha','HERBACEA',,'Clusterspike False Indigo H','Yes',,,,,,'No',,,0,,,
'AMSC2',,,'Amorpha schwerinii','Amorpha','SCHWERINII',,'Schwerin''s False Indigo','Yes',,,,,,'No',,,0,,,
'ARSP2',,,'Aralia spinosa','Aralia','SPINOSA',,'Devil''s Walkingstick','Yes','Early Summer','Fall','No','Yes','No','Yes',,,0,,'20',
'ARAB2',,,'Artemisia abrotanum','Artemisia','ABROTANUM',,'Southernwood','No',,,,,,'No',,,0,,,
'ASPA18',,'BDS OTHER','Asimina parviflora','Asimina','PARVIFLORA',,'Smallflower Pawpaw','Yes',,,,,,'No',,,0,,,
'ASTR',,'BDS OTHER','Asimina triloba','Asimina','TRILOBA',,'Pawpaw','Yes','Mid Spring','Summer','Yes','No','Yes','Yes',,'http://plants.usda.gov/plantguide/pdf/cs_astr.pdf',0,,'25',
'BOFR',,,'Borrichia frutescens','Borrichia','FRUTESCENS',,'Bushy Seaside Tansy','Yes','Indeterminate','Fall','No','No','No','Yes',,,0,,,
'AUJA',,,'Aucuba japonica','Aucuba','JAPONICA',,'Japanese Laurel','No',,,,,,'No',,,0,,,
'BAAN',,,'Baccharis angustifolia','Baccharis','ANGUSTIFOLIA',,'Saltwater False Willow','Yes','Fall','Fall','Yes','Yes','No','Yes',,,0,,,
'BAGL',,,'Baccharis glomeruliflora','Baccharis','GLOMERULIFLORA',,'Silverling','Yes',,,,,,'No',,,0,,,
'BAHA',,,'Baccharis halimifolia','Baccharis','HALIMIFOLIA',,'Eastern Baccharis','Yes','Late Summer','Fall','Yes','Yes','No','No','http://plants.usda.gov/factsheet/pdf/fs_baha.pdf','http://plants.usda.gov/plantguide/pdf/pg_baha.pdf',0,,'10',
'BAMA5',,,'Batis maritima','Batis','MARITIMA',,'Turtleweed','Yes','Late Spring','Summer','No','No','No','Yes',,,0,,,
'BECA2',,,'Berberis canadensis','Berberis','CANADENSIS',,'American Barberry','Yes',,,,,,'No',,,0,,,
'BETH',,,'Berberis thunbergii','Berberis','THUNBERGII',,'Japanese Barberry','No','Late Spring','Winter','Yes','Yes','No','Yes',,,0,,'6',
'BEVU',,,'Berberis vulgaris','Berberis','VULGARIS',,'Common Barberry','No',,,,,,'No',,,0,,,
'BEAL2',,'BDL OTHER','Betula alleghaniensis','Betula','ALLEGHANIENSIS',,'Yellow Birch','Yes','Late Spring','Summer','No','No','Yes','Yes',,'http://plants.usda.gov/plantguide/pdf/pg_beal2.pdf',0,,'25',
'BEALA',,,'Betula alleghaniensis var. alleghaniensis','Betula','ALLEGHANIENSIS',,'Yellow Birch A','Yes',,,,,,'No',,,0,,,
'BELE',,,'Betula lenta','Betula','LENTA',,'Sweet Birch','Yes','Late Spring','Fall','No','No','No','Yes',,,0,,'15',
'BENI',,'ACPL','Betula nigra','Betula','NIGRA',,'River Birch','Yes','Mid Spring','Spring','No','No','No','Yes','http://plants.usda.gov/factsheet/pdf/fs_beni.pdf','http://plants.usda.gov/plantguide/pdf/pg_beni.pdf',0,,'35',
'BEPA',,'FRPE','Betula papyrifera','Betula','PAPYRIFERA',,'Paper Birch','Yes','Mid Spring','Summer','Yes','Yes','Yes','No',,'http://plants.usda.gov/plantguide/pdf/pg_bepa.pdf',0,,'40',
'BEPAC2',,,'Betula papyrifera var. cordifolia','Betula','PAPYRIFERA',,'Mountain Paper Birch','Yes',,,,,,'No',,,0,,,
'BEPO',,'BDM OTHER','Betula populifolia','Betula','POPULIFOLIA',,'Gray Birch','Yes','Mid Spring','Fall','Yes','No','No','Yes','http://plants.usda.gov/factsheet/pdf/fs_bepo.pdf','http://plants.usda.gov/plantguide/pdf/pg_bepo.pdf',0,,'25',
'BRPA4',,'BDM OTHER','Broussonetia papyrifera','Broussonetia','PAPYRIFERA',,'Paper Mulberry','No',,,,,,'No',,,0,,,
'BUDI',,,'Buckleya distichophylla','Buckleya','DISTICHOPHYLLA',,'Piratebush','Yes',,,,,,'No',,,0,,,
'BUAL',,,'Buddleja alternifolia','Buddleja','ALTERNIFOLIA',,'Fountain Butterflybush','No',,,,,,'No',,,0,,,
'BUDA2',,'BDS OTHER','Buddleja davidii','Buddleja','DAVIDII',,'Orange Eye Butterflybush','No',,,,,,'No','http://plants.usda.gov/factsheet/pdf/fs_buda2.pdf',,0,,,
'BULI',,,'Buddleja lindleyana','Buddleja','LINDLEYANA',,'Lindley''s Butterflybush','No',,,,,,'No',,,0,,,
'BUCA15',,,'Butia capitata','Butia','CAPITATA',,'South American Jelly Palm','No',,,,,,'No',,,0,,,
'BUSE2',,,'Buxus sempervirens','Buxus','SEMPERVIRENS',,'Common Box','No',,,,,,'No',,,0,,,
'CAAM2',,,'Callicarpa americana','Callicarpa','AMERICANA','Profusion','American Beautyberry','Yes','Early Summer','Fall','Yes','Yes','No','Yes','http://plants.usda.gov/factsheet/pdf/fs_caam2.pdf','http://plants.usda.gov/plantguide/pdf/cs_caam2.pdf',0,,'9',
'CADI',,,'Callicarpa dichotoma','Callicarpa','DICHOTOMA',,'Purple Beautyberry','No',,,,,,'No',,,0,,,
'CAJA11',,,'Callicarpa japonica','Callicarpa','JAPONICA',,'Japanese Callicarpa','No',,,,,,'No',,,0,,,
'CAFL22',,,'Calycanthus floridus','Calycanthus','FLORIDUS',,'Eastern Sweetshrub','Yes',,,,,,'No',,,0,,,
'CAFLF',,,'Calycanthus floridus var. floridus','Calycanthus','FLORIDUS',,'Eastern Sweetshrub F','Yes',,,,,,'No',,,0,,,
'CAFLG',,,'Calycanthus floridus var. glaucus','Calycanthus','FLORIDUS',,'Eastern Sweetshrub G','Yes',,,,,,'No',,,0,,,
'CAJA9',,'BES OTHER','Camellia japonica','Camellia','JAPONICA',,'Camellia','No',,,,,,'No',,,0,,,
'CASA26',,,'Camellia sasanqua','Camellia','SASANQUA',,'Sasanqua Camellia','No',,,,,,'No',,,0,,,
'CASI16',,,'Camellia sinensis','Camellia','SINENSIS',,'Tea','No',,,,,,'No',,,0,,,
'CACA18',,'BDM OTHER','Carpinus caroliniana','Carpinus','CAROLINIANA',,'American Hornbeam','Yes','Mid Spring','Fall','Yes','Yes','No','Yes','http://plants.usda.gov/factsheet/pdf/fs_caca18.pdf','http://plants.usda.gov/plantguide/pdf/pg_caca18.pdf',0,,'18',
'CACAC2',,,'Carpinus caroliniana ssp. caroliniana','Carpinus','CAROLINIANA',,'American Hornbeam C','Yes',,,,,,'No',,,0,,,
'CACAV',,,'Carpinus caroliniana ssp. virginiana','Carpinus','CAROLINIANA',,'American Hornbeam V','Yes',,,,,,'No',,,0,,,
'CAAL27',,'BDL OTHER','Carya alba','Carya','ALBA',,'Mockernut Hickory','Yes','Mid Spring','Fall','Yes','No','Yes','Yes',,,0,,'18',
'CAAQ2',,'BDL OTHER','Carya aquatica','Carya','AQUATICA',,'Water Hickory','Yes','Mid Spring','Fall','No','No','No','Yes',,,0,,'30',
'CACA38',,'BDL OTHER','Carya carolinae-septentrionalis','Carya','CAROLINAE-SEPTENTRIONALIS',,'Southern Shagbark Hickory','Yes',,,,,,'No',,,0,,,
'CACO15',,'BDL OTHER','Carya cordiformis','Carya','CORDIFORMIS',,'Bitternut Hickory','Yes','Mid Spring','Fall','Yes','No','Yes','Yes',,,0,,'30',
'CAGL8',,'BDL OTHER','Carya glabra','Carya','GLABRA',,'Pignut Hickory','Yes','Mid Spring','Fall','Yes','No','Yes','Yes',,,0,,'30',
'CAIL2',,'BDL OTHER','Carya illinoinensis','Carya','ILLINOINENSIS',,'Pecan','Yes','Early Spring','Fall','No','No','Yes','Yes','http://plants.usda.gov/factsheet/pdf/fs_cail2.pdf','http://plants.usda.gov/plantguide/pdf/cs_cail2.pdf',0,,'35',
'CALA21',,'BDL OTHER','Carya laciniosa','Carya','LACINIOSA',,'Shellbark Hickory','Yes','Mid Spring','Fall','No','No','Yes','Yes',,'http://plants.usda.gov/plantguide/pdf/pg_cala21.pdf',0,,'35',
'CAMY',,'BDL OTHER','Carya myristiciformis','Carya','MYRISTICIFORMIS',,'Nutmeg Hickory','Yes','Mid Spring','Fall','Yes','No','Yes','No',,,0,,'30',
'CAOV3',,'BDL OTHER','Carya ovalis','Carya','OVALIS',,'Red Hickory','Yes',,,,,,'No',,,0,,,
'CAOV2',,'BDL OTHER','Carya ovata','Carya','OVATA',,'Shagbark Hickory','Yes','Late Spring','Fall','Yes','Yes','Yes','Yes',,,0,,'15',
'CAPA24',,'BDL OTHER','Carya pallida','Carya','PALLIDA',,'Sand Hickory','Yes',,,,,,'No',,,0,,,
'CADE12',,'BDL OTHER','Castanea dentata','Castanea','DENTATA',,'American Chestnut','Yes','Early Summer','Fall','Yes','No','Yes','Yes',,,0,,'35',
'CAMO83',,'BDM OTHER','Castanea mollissima','Castanea','MOLLISSIMA',,'Chinese Chestnut','No','Mid Spring','Fall','Yes','Yes','Yes','Yes',,,0,,'25',
'CANE7',,,'Castanea xneglecta','Castanea','NEGLECTA',,'Castanea Xneglecta','Yes',,,,,,'No',,,0,,,
'CAPU9',,,'Castanea pumila','Castanea','PUMILA','Golden','Chinkapin','Yes','Spring','Fall','No','No','Yes','Yes','http://plants.usda.gov/factsheet/pdf/fs_capu9.pdf','http://plants.usda.gov/plantguide/pdf/pg_capu9.pdf',0,,'14',
'CAPUP3',,,'Castanea pumila var. pumila','Castanea','PUMILA',,'Chinkapin P','Yes',,,,,,'No',,,0,,,
'CABI8',,'BDM OTHER','Catalpa bignonioides','Catalpa','BIGNONIOIDES',,'Southern Catalpa','Yes','Mid Spring','Summer','No','Yes','No','Yes','http://plants.usda.gov/factsheet/pdf/fs_cabi8.pdf','http://plants.usda.gov/plantguide/pdf/pg_cabi8.pdf',0,,'66',
'CASP8',,'BDL OTHER','Catalpa speciosa','Catalpa','SPECIOSA',,'Northern Catalpa','Yes','Early Summer','Fall','Yes','Yes','No','Yes','http://plants.usda.gov/factsheet/pdf/fs_casp8.pdf','http://plants.usda.gov/plantguide/pdf/pg_casp8.pdf',0,,'20',
'CEAM',,,'Ceanothus americanus','Ceanothus','AMERICANUS',,'New Jersey Tea','Yes','Late Spring','Fall','No','No','Yes','Yes','http://plants.usda.gov/factsheet/pdf/fs_ceam.pdf','http://plants.usda.gov/plantguide/pdf/cs_ceam.pdf',0,,'3',
'CEDE2',,'CEL OTHER','Cedrus deodara','Cedrus','DEODARA',,'Deodar Cedar','No','Late Summer','Fall','No','No','No','Yes',,,0,,'35',
'CELA',,'CEL OTHER','Celtis laevigata','Celtis','LAEVIGATA',,'Sugarberry','Yes','Early Spring','Fall','Yes','No','No','Yes','http://plants.usda.gov/factsheet/pdf/fs_cela.pdf','http://plants.usda.gov/plantguide/pdf/cs_cela.pdf',0,,'35',
'CELAL',,,'Celtis laevigata var. laevigata','Celtis','LAEVIGATA',,'Sugarberry L','Yes',,,,,,'No',,,0,,,
'CEOC',,,'Celtis occidentalis','Celtis','OCCIDENTALIS','Oahe','Common Hackberry','Yes','Mid Spring','Fall','Yes','No','No','Yes','http://plants.usda.gov/factsheet/pdf/fs_ceoc.pdf','http://plants.usda.gov/plantguide/pdf/pg_ceoc.pdf',0,,'25',
'CETE',,,'Celtis tenuifolia','Celtis','TENUIFOLIA',,'Dwarf Hackberry','Yes',,,,,,'No',,,0,,,
'CEOC2',,,'Cephalanthus occidentalis','Cephalanthus','OCCIDENTALIS',,'Common Buttonbush','Yes','Summer','Fall','No','Yes','No','Yes','http://plants.usda.gov/factsheet/pdf/fs_ceoc2.pdf','http://plants.usda.gov/plantguide/pdf/pg_ceoc2.pdf',0,,'15',
'CECA4',,'BDS OTHER','Cercis canadensis','Cercis','CANADENSIS',,'Eastern Redbud','Yes','Spring','Summer','No','Yes','Yes','Yes','http://plants.usda.gov/factsheet/pdf/fs_ceca4.pdf','http://plants.usda.gov/plantguide/pdf/cs_ceca4.pdf',0,,'25',
'CECAC',,,'Cercis canadensis var. canadensis','Cercis','CANADENSIS',,'Eastern Redbud C','Yes',,,,,,'No',,,0,,,
'CHSP12',,,'Chaenomeles speciosa','Chaenomeles','SPECIOSA',,'Flowering Quince','No',,,,,,'No',,,0,,,
'CHTH2',,'CEM OTHER','Chamaecyparis thyoides','Chamaecyparis','THYOIDES',,'Atlantic White Cedar','Yes','Spring','Fall','No','No','No','Yes','http://plants.usda.gov/factsheet/pdf/fs_chth2.pdf','http://plants.usda.gov/plantguide/pdf/pg_chth2.pdf',0,,'20',
'CHCA2',,,'Chamaedaphne calyculata','Chamaedaphne','CALYCULATA',,'Leatherleaf','Yes','Early Spring','Fall','No','No','No','Yes',,'http://plants.usda.gov/plantguide/pdf/pg_chca2.pdf',0,,'4',
'CHMA3',,,'Chimaphila maculata','Chimaphila','MACULATA',,'Striped Prince''s Pine','Yes',,,,,,'No',,,0,,,
'CHUM',,,'Chimaphila umbellata','Chimaphila','UMBELLATA',,'Pipsissewa','Yes','Late Spring','Summer','No','Yes','No','No',,,0,,,
'CHUMC2',,,'Chimaphila umbellata ssp. cisatlantica','Chimaphila','UMBELLATA',,'Pipsissewa C','Yes',,,,,,'No',,,0,,,
'CHVI3',,,'Chionanthus virginicus','Chionanthus','VIRGINICUS',,'White Fringetree','Yes','Mid Spring','Summer','No','Yes','No','No',,,0,,'20',
'CHPA18',,,'Chrysoma pauciflosculosa','Chrysoma','PAUCIFLOSCULOSA',,'Woody Goldenrod','Yes',,,,,,'No',,,0,,,
'CICA',,,'Cinnamomum camphora','Cinnamomum','CAMPHORA',,'Camphortree','No',,,,,,'No',,,0,,,
'CLKE',,,'Cladrastis kentukea','Cladrastis','KENTUKEA',,'Kentucky Yellowwood','Yes','Early Summer','Summer','Yes','Yes','No','No',,,0,,'25',
'CLTR',,'BDS OTHER','Clerodendrum trichotomum','Clerodendrum','TRICHOTOMUM',,'Harlequin Glorybower','No',,,,,,'No',,,0,,,
'CLTRF',,,'Clerodendrum trichotomum var. ferrugineum','Clerodendrum','TRICHOTOMUM',,'Ferruginous Clerodendrum','No',,,,,,'No',,,0,,,
'CLAC3',,,'Clethra acuminata','Clethra','ACUMINATA',,'Mountain Sweetpepperbush','Yes',,,,,,'No',,,0,,,
'CLAL3',,,'Clethra alnifolia','Clethra','ALNIFOLIA',,'Coastal Sweetpepperbush','Yes','Summer','Fall','No','No','No','Yes',,'http://plants.usda.gov/plantguide/pdf/pg_clal3.pdf',0,,'16',
'CLGE',,,'Clinopodium georgianum','Clinopodium','GEORGIANUM',,'Georgia Calamint','Yes',,,,,,'No',,,0,,,
'CONU',,,'Cocos nucifera','Cocos','NUCIFERA',,'Coconut Palm','No','Indeterminate','Year Round','Yes','No','Yes','Yes',,,0,,'60',
'COPE80',,,'Comptonia peregrina','Comptonia','PEREGRINA',,'Sweet Fern','Yes','Spring','Fall','No','No','No','Yes','http://plants.usda.gov/factsheet/pdf/fs_cope80.pdf',,0,,'2',
'COAL2',,'BDS OTHER','Cornus alternifolia','Cornus','ALTERNIFOLIA',,'Alternateleaf Dogwood','Yes','Mid Spring','Fall','Yes','Yes','No','Yes',,,0,,'25',
'COAM2',,,'Cornus amomum','Cornus','AMOMUM','Indigo','Silky Dogwood','Yes','Early Spring','Summer','No','Yes','No','Yes','http://plants.usda.gov/factsheet/pdf/fs_coam2.pdf',,0,,'7',
'COAS2',,,'Cornus asperifolia','Cornus','ASPERIFOLIA',,'Toughleaf Dogwood','Yes',,,,,,'No',,,0,,,
'COFL2',,'BDS OTHER','Cornus florida','Cornus','FLORIDA',,'Flowering Dogwood','Yes','Early Spring','Fall','Yes','Yes','No','Yes','http://plants.usda.gov/factsheet/pdf/fs_cofl2.pdf','http://plants.usda.gov/plantguide/pdf/pg_cofl2.pdf',0,,'20',
'COFO',,,'Cornus foemina','Cornus','FOEMINA',,'Stiff Dogwood','Yes','Mid Spring','Fall','Yes','Yes','No','Yes','http://plants.usda.gov/factsheet/pdf/fs_cofo.pdf',,0,,'16',
'CORA6',,,'Cornus racemosa','Cornus','RACEMOSA',,'Gray Dogwood','Yes','Late Spring','Fall','No','Yes','No','Yes','http://plants.usda.gov/factsheet/pdf/fs_cora6.pdf',,0,,'6',
'COAM3',,'BDM OTHER','Corylus americana','Corylus','AMERICANA',,'American Hazelnut','Yes','Spring','Fall','No','No','No','Yes',,'http://plants.usda.gov/plantguide/pdf/pg_coam3.pdf',0,,'10',
'COCO6',,'BDM OTHER','Corylus cornuta','Corylus','CORNUTA',,'Beaked Hazelnut','Yes','Early Spring','Fall','No','No','Yes','Yes',,'http://plants.usda.gov/plantguide/pdf/pg_coco6.pdf',0,,'15',
'COCOC2',,'BDM OTHER','Corylus cornuta var. cornuta','Corylus','CORNUTA',,'Beaked Hazelnut 2','Yes',,,,,,'No',,,0,,,
'CRAE',,'BDS OTHER','Crataegus aestivalis','Crataegus','AESTIVALIS',,'May Hawthorn','Yes','Mid Spring','Summer','No','Yes','No','Yes',,'http://plants.usda.gov/plantguide/pdf/pg_crae.pdf',0,,'26',
'CRAR7',,'BDS OTHER','Crataegus arcana','Crataegus','ARCANA',,'Carolina Hawthorn','Yes',,,,,,'No',,,0,,,
'CRBE5',,'BDS OTHER','Crataegus beadlei','Crataegus','BEADLEI',,'Beadle''s Hawthorn','Yes',,,,,,'No',,,0,,,
'CRBR3',,'BDS OTHER','Crataegus brainerdii','Crataegus','BRAINERDII',,'Brainerd''s Hawthorn','Yes',,,,,,'No',,'http://plants.usda.gov/plantguide/pdf/pg_crbr3.pdf',0,,,
'CRCA',,'BDS OTHER','Crataegus calpodendron','Crataegus','CALPODENDRON',,'Pear Hawthorn','Yes',,,,,,'No',,'http://plants.usda.gov/plantguide/pdf/pg_crca.pdf',0,,,
'CRCR2',,'BDS OTHER','Crataegus crus-galli','Crataegus','CRUS-GALLI',,'Cockspur Hawthorn','Yes','Late Spring','Fall','Yes','Yes','No','Yes',,'http://plants.usda.gov/plantguide/pdf/pg_crcr2.pdf',0,,'30',
'CRDI4',,'BDS OTHER','Crataegus disperma','Crataegus','DISPERMA',,'Spreading Hawthorn','Yes',,,,,,'No',,,0,,,
'CRER3',,'BDS OTHER','Crataegus erythrocarpa','Crataegus','ERYTHROCARPA',,'Red Hawthorn','Yes',,,,,,'No',,,0,,,
'CRFL',,'BDS OTHER','Crataegus flabellata','Crataegus','FLABELLATA',,'Fanleaf Hawthorn','Yes',,,,,,'No',,'http://plants.usda.gov/plantguide/pdf/pg_crfl.pdf',0,,,
'CRFL2',,'BDS OTHER','Crataegus flava','Crataegus','FLAVA',,'Yellowleaf Hawthorn','Yes',,,,,,'No',,'http://plants.usda.gov/plantguide/pdf/pg_crfl2.pdf',0,,,
'CRHA3',,'BDS OTHER','Crataegus xhaemacarpa','Crataegus','HAEMACARPA',,'Crataegus Xhaemacarpa','Yes',,,,,,'No',,,0,,,
'CRIN3',,'BDS OTHER','Crataegus intricata','Crataegus','INTRICATA',,'Copenhagen Hawthorn','Yes',,,,,,'No',,'http://plants.usda.gov/plantguide/pdf/pg_crin3.pdf',0,,,
'CRIR',,'BDS OTHER','Crataegus iracunda','Crataegus','IRACUNDA',,'Stolonbearing Hawthorn','Yes',,,,,,'No',,,0,,,
'CRLA9',,'BDS OTHER','Crataegus lanata','Crataegus','LANATA',,'Hoary Hawthorn','Yes',,,,,,'No',,,0,,,
'CRMA3',,'BDS OTHER','Crataegus macrosperma','Crataegus','MACROSPERMA',,'Bigfruit Hawthorn','Yes',,,,,,'No',,,0,,,
'CRMA5',,'BDS OTHER','Crataegus marshallii','Crataegus','MARSHALLII',,'Parsley Hawthorn','Yes','Mid Spring','Fall','Yes','Yes','Yes','Yes',,,0,,'25',
'CRPH',,'BDS OTHER','Crataegus phaenopyrum','Crataegus','PHAENOPYRUM',,'Washington Hawthorn','Yes','Mid Spring','Fall','Yes','Yes','No','No',,,0,,'25',
'CRPR2',,'BDS OTHER','Crataegus pruinosa','Crataegus','PRUINOSA',,'Waxyfruit Hawthorn','Yes',,,,,,'No',,,0,,,
'CRPU',,'BDS OTHER','Crataegus punctata','Crataegus','PUNCTATA',,'Dotted Hawthorn','Yes',,,,,,'No',,,0,,,
'CRRH2',,'BDS OTHER','Crataegus rhodella','Crataegus','RHODELLA',,'Franklin''s Hawthorn','Yes',,,,,,'No',,,0,,,
'CRRU5',,'BDS OTHER','Crataegus rufula','Crataegus','RUFULA',,'Rusty Hawthorn','Yes',,,,,,'No',,,0,,,
'CRSC4',,'BDS OTHER','Crataegus schuettei','Crataegus','SCHUETTEI',,'Schuette''s Hawthorn','Yes',,,,,,'No',,,0,,,
'CRSP',,'BDS OTHER','Crataegus spathulata','Crataegus','SPATHULATA',,'Littlehip Hawthorn','Yes',,,,,,'No',,,0,,,
'CRSU5',,'BDS OTHER','Crataegus succulenta','Crataegus','SUCCULENTA',,'Fleshy Hawthorn','Yes',,,,,,'No',,,0,,,
'CRTI2',,'BDS OTHER','Crataegus tinctoria','Crataegus','TINCTORIA',,'Dyed Hawthorn','Yes',,,,,,'No',,,0,,,
'CRUN',,'BDS OTHER','Crataegus uniflora','Crataegus','UNIFLORA',,'Dwarf Hawthorn','Yes',,,,,,'No',,,0,,,
'CRVA',,'BDS OTHER','Crataegus vailiae','Crataegus','VAILIAE',,'Miss Vail''s Hawthorn','Yes',,,,,,'No',,,0,,,
'CRVI2',,'BDS OTHER','Crataegus viridis','Crataegus','VIRIDIS',,'Green Hawthorn','Yes','Early Spring','Fall','Yes','Yes','Yes','Yes',,,0,,'24',
'CRVIV2',,,'Crataegus viridis var. viridis','Crataegus','VIRIDIS',,'Green Hawthorn V','Yes',,,,,,'No',,,0,,,
'CRIL2',,,'Crossopetalum ilicifolium','Crossopetalum','ILICIFOLIUM',,'Christmasberry','Yes',,,,,,'No',,,0,,,
'CRJA3',,,'Cryptomeria japonica','Cryptomeria','JAPONICA',,'Japanese Cedar','No','Mid Spring','Fall','No','No','No','No',,,0,,'35',
'CUTR2',,,'Cudrania tricuspidata','Cudrania','TRICUSPIDATA',,'Storehousebush','No',,,,,,'No',,,0,,,
'CULA',,,'Cunninghamia lanceolata','Cunninghamia','LANCEOLATA',,'Chinese Fir','No',,,,,,'No',,,0,,,
'CYRA',,,'Cyrilla racemiflora','Cyrilla','RACEMIFLORA',,'Swamp Titi','Yes','Mid Summer','Fall','Yes','Yes','No','No',,,0,,'20',
'CYSC4',,,'Cytisus scoparius','Cytisus','SCOPARIUS',,'Scotch Broom','No','Spring','Summer','No','Yes','No','No',,,0,,'7',
'CYSCS2',,,'Cytisus scoparius var. scoparius','Cytisus','SCOPARIUS',,'Scotch Broom S','No',,,,,,'No',,,0,,,
'DAFR6',,,'Dasiphora fruticosa','Dasiphora','FRUTICOSA',,'Shrubby Cinquefoil','Yes',,,,,,'No',,,0,,,
'DAFRF',,,'Dasiphora fruticosa ssp. floribunda','Dasiphora','FRUTICOSA',,'Shrubby Cinquefoil F','Yes',,,,,,'No',,,0,,,
'DEVE',,,'Decodon verticillatus','Decodon','VERTICILLATUS',,'Swamp Loosestrife','Yes','Mid Summer','Fall','No','Yes','No','No',,,0,,,
'DESC4',,,'Deutzia scabra','Deutzia','SCABRA',,'Fuzzy Pride-of-rochester','No',,,,,,'No',,,0,,,
'DILO',,,'Diervilla lonicera','Diervilla','LONICERA',,'Northern Bush Honeysuckle','Yes','Late Spring','Summer','No','Yes','No','Yes',,,0,,'2',
'DIRI',,,'Diervilla rivularis','Diervilla','RIVULARIS',,'Mountain Bush Honeysuckle','Yes',,,,,,'No',,,0,,,
'DISE',,,'Diervilla sessilifolia','Diervilla','SESSILIFOLIA',,'Southern Bush Honeysuckle','Yes',,,,,,'No',,,0,,,
'DIVI5',,'BDM OTHER','Diospyros virginiana','Diospyros','VIRGINIANA',,'Common Persimmon','Yes','Late Spring','Winter','Yes','No','Yes','Yes',,'http://plants.usda.gov/plantguide/pdf/pg_divi5.pdf',0,,'25',
'DIPA9',,,'Dirca palustris','Dirca','PALUSTRIS',,'Eastern Leatherwood','Yes',,,,,,'No',,,0,,,
'DIFR6',,,'Ditrysinia fruticosa','Ditrysinia','FRUTICOSA',,'Gulf Sebastian-bush','Yes',,,,,,'No',,,0,,,
'ELAN',,'BDS OTHER','Elaeagnus angustifolia','Elaeagnus','ANGUSTIFOLIA','King-Red','Russian Olive','No','Early Summer','Fall','No','Yes','Yes','Yes',,,0,,'35',
'ELMU',,,'Elaeagnus multiflora','Elaeagnus','MULTIFLORA',,'Cherry Silverberry','No',,,,,,'No',,,0,,,
'ELPU2',,,'Elaeagnus pungens','Elaeagnus','PUNGENS',,'Thorny Olive','No',,,,,,'No',,,0,,,
'ELUM',,'BES OTHER','Elaeagnus umbellata','Elaeagnus','UMBELLATA','Redwing','Autumn Olive','No','Early Spring','Fall','Yes','Yes','Yes','Yes',,,0,,'14',
'ELUMP',,,'Elaeagnus umbellata var. parvifolia','Elaeagnus','UMBELLATA',,'Autumn Olive P','No',,,,,,'No',,,0,,,
'EPRE2',,,'Epigaea repens','Epigaea','REPENS',,'Trailing Arbutus','Yes',,,,,,'No',,,0,,,
'ERTE4',,,'Erica tetralix','Erica','TETRALIX',,'Crossleaf Heath','No',,,,,,'No',,,0,,,
'ERHE4',,,'Erythrina herbacea','Erythrina','HERBACEA',,'Redcardinal','Yes',,,,,,'No',,,0,,,
'EURA5',,,'Eubotrys racemosa','Eubotrys','RACEMOSA',,'Swamp Doghobble','Yes',,,,,,'No',,,0,,,
'EURE10',,,'Eubotrys recurva','Eubotrys','RECURVA',,'Redtwig Doghobble','Yes',,,,,,'No',,,0,,,
'EUAL13',,,'Euonymus alatus','Euonymus','ALATUS',,'Burningbush','No',,,,,,'No',,,0,,,
'EUALA2',,,'Euonymus alatus var. alatus','Euonymus','ALATUS',,'Euonymus Alatus Var. Alatus','No',,,,,,'No',,,0,,,
'EUAT5',,,'Euonymus atropurpureus','Euonymus','ATROPURPUREUS',,'Burningbush 5','Yes',,,,,,'No',,,0,,,
'EUATA2',,,'Euonymus atropurpureus var. atropurpureus','Euonymus','ATROPURPUREUS',,'Eastern Wahoo','Yes',,,,,,'No',,,0,,,
'EUJA8',,,'Euonymus japonicus','Euonymus','JAPONICUS',,'Japanese Spindletree','No',,,,,,'No',,,0,,,
'EUKI5',,,'Euonymus kiautschovicus','Euonymus','KIAUTSCHOVICUS',,'Creeping Strawberry Bush','No',,,,,,'No',,,0,,,
'EUCU3',,,'Euphorbia curtisii','Euphorbia','CURTISII',,'Curtis'' Spurge','Yes',,,,,,'No',,,0,,,
'EXRA',,,'Exochorda racemosa','Exochorda','RACEMOSA',,'Common Pearlbrush','No',,,,,,'No',,,0,,,
'FAGR',,'BDL OTHER','Fagus grandifolia','Fagus','GRANDIFOLIA',,'American Beech','Yes','Mid Spring','Fall','Yes','No','Yes','No',,,0,,'30',
'FRPR',,,'Fraxinus profunda','Fraxinus','PROFUNDA',,'Pumpkin Ash','Yes','Mid Spring','Fall','Yes','No','No','No',,,0,,'65',
'FICA',,,'Ficus carica','Ficus','CARICA',,'Edible Fig','No',,,,,,'No',,,0,,,
'FISI2',,'BDM OTHER','Firmiana simplex','Firmiana','SIMPLEX',,'Chinese Parasoltree','No',,,,,,'No',,,0,,,
'FOSU',,,'Forsythia suspensa','Forsythia','SUSPENSA',,'Weeping Forsythia','No','Early Spring',,'No','Yes','No','Yes',,,0,,'6',
'FOVI',,,'Forsythia viridissima','Forsythia','VIRIDISSIMA',,'Greenstem Forsythia','No',,,,,,'No',,,0,,,
'FOGA',,,'Fothergilla gardenii','Fothergilla','GARDENII',,'Dwarf Witchalder','Yes','Spring','Fall','No','Yes','No','Yes',,,0,,'4',
'FOMA',,,'Fothergilla major','Fothergilla','MAJOR',,'Mountain Witchalder','Yes',,,,,,'No',,,0,,,
'FRCA13',,,'Frangula caroliniana','Frangula','CAROLINIANA',,'Carolina Buckthorn','Yes','Late Spring','Fall','No','No','No','No',,,0,,'35',
'FRAM2',,'FRAM','Fraxinus americana','Fraxinus','AMERICANA',,'White Ash','Yes','Mid Spring','Fall','Yes','No','No','No',,'http://plants.usda.gov/plantguide/pdf/cs_fram2.pdf',0,,'40',
'FRCA3',,'FRPE','Fraxinus caroliniana','Fraxinus','CAROLINIANA',,'Carolina Ash','Yes','Spring','Fall','Yes','No','No','Yes',,,0,,'39',
'FRPE',,'FRPE','Fraxinus pennsylvanica','Fraxinus','PENNSYLVANICA','Cardan','Green Ash','Yes','Late Spring','Summer','Yes','Yes','No','Yes','http://plants.usda.gov/factsheet/pdf/fs_frpe.pdf',,0,,'35',
'GAPR2',,,'Gaultheria procumbens','Gaultheria','PROCUMBENS',,'Eastern Teaberry','Yes','Spring','Fall','Yes','Yes','Yes','No',,,0,,,
'GABA',,,'Gaylussacia baccata','Gaylussacia','BACCATA',,'Black Huckleberry','Yes','Late Spring','Summer','No','Yes','Yes','Yes',,,0,,'2',
'GADU',,,'Gaylussacia dumosa','Gaylussacia','DUMOSA',,'Dwarf Huckleberry','Yes','Late Spring','Summer','No','Yes','Yes','Yes',,,0,,'1',
'GAFR2',,,'Gaylussacia frondosa','Gaylussacia','FRONDOSA',,'Blue Huckleberry','Yes','Mid Spring','Summer','No','Yes','Yes','No',,,0,,'6',
'GATO5',,,'Gaylussacia tomentosa','Gaylussacia','TOMENTOSA',,'Hairytwig Huckleberry','Yes',,,,,,'No',,,0,,,
'GAUR',,,'Gaylussacia ursina','Gaylussacia','URSINA',,'Bear Huckleberry','Yes',,,,,,'No',,,0,,,
'GIBI2',,,'Ginkgo biloba','Ginkgo','BILOBA','Pendula','Maidenhair Tree','No',,,'Yes','No','No','No',,,0,,'35',
'GLTR',,'GLTR','Gleditsia triacanthos','Gleditsia','TRIACANTHOS','Thornless','Honeylocust','Yes','Late Spring','Fall','Yes','No','No','Yes','http://plants.usda.gov/factsheet/pdf/fs_gltr.pdf','http://plants.usda.gov/plantguide/pdf/pg_gltr.pdf',0,,'35',
'GOLA',,,'Gordonia lasianthus','Gordonia','LASIANTHUS',,'Loblolly Bay','Yes','Early Summer','Fall','No','Yes','No','No',,,0,,'40',
'GOHI',,,'Gossypium hirsutum','Gossypium','HIRSUTUM',,'Upland Cotton','Yes',,,,,,'No',,,0,,,
'GOHIH2',,,'Gossypium hirsutum var. hirsutum','Gossypium','HIRSUTUM',,'Upland Cotton H','Yes',,,,,,'No',,,0,,,
'GYDI',,'FRPE','Gymnocladus dioicus','Gymnocladus','DIOICUS',,'Kentucky Coffeetree','Yes','Early Summer','Spring','No','Yes','No','Yes','http://plants.usda.gov/factsheet/pdf/fs_gydi.pdf','http://plants.usda.gov/plantguide/pdf/cs_gydi.pdf',0,,'25',
'HATE3',,,'Halesia tetraptera','Halesia','TETRAPTERA',,'Mountain Silverbell','Yes',,,,,,'No',,,0,,,
'HATEM',,,'Halesia tetraptera var. monticola','Halesia','TETRAPTERA',,'Mountain Silverbell M','Yes',,,,,,'No',,,0,,,
'HATET',,,'Halesia tetraptera var. tetraptera','Halesia','TETRAPTERA',,'Mountain Silverbell T','Yes',,,,,,'No',,,0,,,
'HAVI4',,,'Hamamelis virginiana','Hamamelis','VIRGINIANA',,'American Witchhazel','Yes','Fall','Summer','No','Yes','Yes','Yes',,,0,,'15',
'HENA2',,,'Helianthemum nashii','Helianthemum','NASHII',,'Florida Scrub Frostweed','Yes',,,,,,'No',,,0,,,
'HISY',,,'Hibiscus syriacus','Hibiscus','SYRIACUS',,'Rose Of Sharon','No',,,,,,'No',,,0,,,
'HODU2',,,'Hovenia dulcis','Hovenia','DULCIS',,'Japanese Raisintree','No',,,,,,'No',,,0,,,
'HUMO',,,'Hudsonia montana','Hudsonia','MONTANA',,'Mountain Goldenheather','Yes',,,,,,'No',,,0,,,
'HUTO',,,'Hudsonia tomentosa','Hudsonia','TOMENTOSA',,'Woolly Beachheather','Yes','Late Spring','Fall','Yes','Yes','No','Yes','http://plants.usda.gov/factsheet/pdf/fs_huto.pdf',,0,,,
'HUTOT',,,'Hudsonia tomentosa var. tomentosa','Hudsonia','TETRAPTERA',,'Woolly Beachheather T','Yes',,,,,,'No',,,0,,,
'HYAR',,'BDS OTHER','Hydrangea arborescens','Hydrangea','ARBORESCENS',,'Wild Hydrangea','Yes',,,,,,'No',,,0,,,
'HYCI3',,'BDS OTHER','Hydrangea cinerea','Hydrangea','CINEREA',,'Ashy Hydrangea','Yes',,,,,,'No',,,0,,,
'HYPA',,'BDS OTHER','Hydrangea paniculata','Hydrangea','PANICULATA',,'Panicled Hydrangea','No',,,,,,'No',,,0,,,
'HYQU3',,'BDS OTHER','Hydrangea quercifolia','Hydrangea','QUERCIFOLIA',,'Oakleaf Hydrangea','Yes','Late Spring','Fall','Yes','Yes','No','No',,,0,,'6',
'HYRA6',,'BDS OTHER','Hydrangea radiata','Hydrangea','RADIATA',,'Silverleaf Hydrangea','Yes',,,,,,'No',,,0,,,
'HYBU',,'BDS OTHER','Hypericum buckleii','Hypericum','BUCKLEII',,'Buckley''s St. Johnswort','Yes',,,,,,'No',,,0,,,
'HYCR3',,'BDS OTHER','Hypericum crux-andreae','Hypericum','CRUX-ANDREAE',,'St. Peterswort','Yes','Mid Summer','Fall','No','Yes','No','Yes',,,0,,'2',
'HYDE',,'BDS OTHER','Hypericum densiflorum','Hypericum','DENSIFLORUM',,'Bushy St. Johnswort','Yes','Late Spring','Summer','No','No','No','Yes',,,0,,,
'HYFA',,'BDS OTHER','Hypericum fasciculatum','Hypericum','FASCICULATUM',,'Peelbark St. Johnswort','Yes','Spring','Summer','No','Yes','Yes','No',,,0,,'7',
'HYFR',,'BDS OTHER','Hypericum frondosum','Hypericum','FRONDOSUM',,'Cedarglade St. Johnswort','Yes',,,,,,'No',,,0,,,
'HYGA',,'BDS OTHER','Hypericum galioides','Hypericum','GALIOIDES',,'Bedstraw St. Johnswort','Yes','Early Summer','Summer','No','Yes','No','No',,,0,,'2',
'HYHY',,'BDS OTHER','Hypericum hypericoides','Hypericum','HYPERICOIDES',,'St. Andrew''s Cross','Yes',,,,,,'No',,,0,,,
'HYHYH',,'BDS OTHER','Hypericum hypericoides ssp. hypericoides','Hypericum','HYPERICOIDES',,'St. Andrew''s Cross H','Yes',,,,,,'No',,'http://plants.usda.gov/plantguide/pdf/cs_hyhyh.pdf',0,,,
'HYHYM',,'BDS OTHER','Hypericum hypericoides ssp. multicaule','Hypericum','HYPERICOIDES',,'St. Andrew''s Cross M','Yes',,,,,,'No',,,0,,,
'HYLL',,'BDS OTHER','Hypericum lloydii','Hypericum','LLOYDII',,'Sandhill St. Johnswort','Yes',,,,,,'No',,,0,,,
'HYNI3',,'BDS OTHER','Hypericum nitidum','Hypericum','NITIDUM',,'Carolina St. Johnswort','Yes',,,,,,'No',,,0,,,
'HYNU',,'BDS OTHER','Hypericum nudiflorum','Hypericum','NUDIFLORUM',,'Early St. Johnswort','Yes',,,,,,'No',,,0,,,
'HYPR',,'BDS OTHER','Hypericum prolificum','Hypericum','PROLIFICUM',,'Shrubby St. Johnswort','Yes','Late Spring','Summer','No','Yes','No','No',,,0,,,
'HYSU2',,'BDS OTHER','Hypericum suffruticosum','Hypericum','SUFFRUTICOSUM',,'Pineland St. Johnswort','Yes',,,,,,'No',,,0,,,
'ILAM',,'BES OTHER','Ilex ambigua','Ilex','AMBIGUA',,'Carolina Holly','Yes',,,,,,'No',,,0,,,
'ILAM2',,'BES OTHER','Ilex amelanchier','Ilex','AMELANCHIER',,'Sarvis Holly','Yes','Mid Spring','Fall','No','No','No','Yes',,,0,,'16',
'ILAT',,'BES OTHER','Ilex x attenuata','Ilex','ATTENUATA',,'Topal Holly','Yes',,,,,,'No',,,0,,,
'ILCA',,'BES OTHER','Ilex cassine','Ilex','CASSINE',,'Dahoon','Yes','Spring','Fall','No','No','No','Yes',,,0,,'26',
'ILCAC',,,'Ilex cassine var. cassine','Ilex','ALLEGHANIENSIS',,'Dahoon C','Yes',,,,,,'No',,,0,,,
'ILCO2',,'BES OTHER','Ilex collina','Ilex','COLLINA',,'Longstalk Holly','Yes',,,,,,'No',,,0,,,
'ILCO',,'BES OTHER','Ilex coriacea','Ilex','CORIACEA',,'Large Gallberry','Yes','Late Spring','Fall','Yes','No','No','No',,,0,,'12',
'ILCO80',,'BES OTHER','Ilex cornuta','Ilex','CORNUTA',,'Chinese Holly','No','Early Spring','Fall','Yes','No','No','Yes',,,0,,'8',
'ILCR2',,'BES OTHER','Ilex crenata','Ilex','CRENATA',,'Japanese Holly','No','Mid Spring','Summer','No','No','No','No',,,0,,'4',
'ILDE',,'BES OTHER','Ilex decidua','Ilex','DECIDUA',,'Possumhaw','Yes','Spring','Fall','No','No','No','Yes',,,0,,'33',
'ILGL',,'BES OTHER','Ilex glabra','Ilex','GLABRA',,'Inkberry','Yes','Spring','Fall','No','No','No','Yes',,'http://plants.usda.gov/plantguide/pdf/pg_ilgl.pdf',0,,'5',
'ILLA',,'BES OTHER','Ilex laevigata','Ilex','LAEVIGATA',,'Smooth Winterberry','Yes',,,,,,'No',,,0,,,
'ILLO',,'BES OTHER','Ilex longipes','Ilex','LONGIPES',,'Georgia Holly','Yes',,,,,,'No',,,0,,,
'ILMO',,'BES OTHER','Ilex montana','Ilex','MONTANA',,'Mountain Holly','Yes',,,,,,'No',,,0,,,
'ILMY',,'BES OTHER','Ilex myrtifolia','Ilex','MYRTIFOLIA',,'Myrtle Dahoon','Yes',,,,,,'No',,,0,,,
'ILOP',,'BES OTHER','Ilex opaca','Ilex','OPACA',,'American Holly','Yes','Mid Spring','Fall','Yes','No','No','Yes','http://plants.usda.gov/factsheet/pdf/fs_ilop.pdf',,0,,'20',
'ILOPO',,,'Ilex opaca var. opaca','Ilex','OPACA',,'American Holly O','Yes',,,,,,'No',,,0,,,
'ILVE',,'BES OTHER','Ilex verticillata','Ilex','VERTICILLATA','Winter Red','Common Winterberry','Yes','Late Spring','Fall','Yes','No','No','Yes','http://plants.usda.gov/factsheet/pdf/fs_ilve.pdf',,0,,'6',
'ILVO',,'BES OTHER','Ilex vomitoria','Ilex','VOMITORIA',,'Yaupon','Yes','Mid Spring',,'Yes','No','No','Yes','http://plants.usda.gov/factsheet/pdf/fs_ilvo.pdf','http://plants.usda.gov/plantguide/pdf/cs_ilvo.pdf',0,,'20',
'INTI',,,'Indigofera tinctoria','Indigofera','TINCTORIA',,'True Indigo','No',,,,,,'No',,,0,,,
'ITVI',,,'Itea virginica','Itea','VIRGINICA',,'Virginia Sweetspire','Yes','Mid Spring','Fall','No','Yes','No','Yes',,,0,,'10',
'JUCI',,'BDL OTHER','Juglans cinerea','Juglans','CINEREA',,'Butternut','Yes','Late Spring','Winter','Yes','No','Yes','Yes',,'http://plants.usda.gov/plantguide/pdf/pg_juci.pdf',0,,'20',
'JUNI',,'FRPE','Juglans nigra','Juglans','NIGRA',,'Black Walnut','Yes','Late Spring','Fall','No','No','Yes','Yes','http://plants.usda.gov/factsheet/pdf/fs_juni.pdf','http://plants.usda.gov/plantguide/pdf/cs_juni.pdf',0,,'35',
'JUCO6',,'PICO5','Juniperus communis','Juniperus','COMMUNIS',,'Common Juniper','Yes','Mid Spring','Fall','No','No','No','Yes',,,0,,'5',
'JUCOD',,'PICO5','Juniperus communis var. depressa','Juniperus','COMMUNIS',,'Common Juniper D','Yes',,,,,,'No',,,0,,,
'JUVI',,'PICO5','Juniperus virginiana','Juniperus','VIRGINIANA',,'Eastern Redcedar','Yes','Late Spring','Fall','No','No','No','Yes','http://plants.usda.gov/factsheet/pdf/fs_juvi.pdf','http://plants.usda.gov/plantguide/pdf/cs_juvi.pdf',0,,'25',
'JUVIS',,'PICO5','Juniperus virginiana var. silicicola','Juniperus','VIRGINIANA',,'Southern Redcedar','Yes','Late Winter','Fall','No','No','No','Yes',,,0,,'30',
'JUVIV',,'PICO5','Juniperus virginiana var. virginiana','Juniperus','VIRGINIANA',,'Eastern Redcedar V','Yes',,,,,,'No',,,0,,,
'KACA2',,,'Kalmia carolina','Kalmia','CAROLINA',,'Carolina Laurel','Yes',,,,,,'No',,,0,,,
'KACU',,,'Kalmia cuneata','Kalmia','CUNEATA',,'Whitewicky','Yes',,,,,,'No',,,0,,,
'KALA',,,'Kalmia latifolia','Kalmia','LATIFOLIA',,'Mountain Laurel','Yes','Mid Spring','Summer','No','Yes','No','Yes',,,0,,'5',
'KEJA',,,'Kerria japonica','Kerria','JAPONICA',,'Japanese Rose','No',,,,,,'No',,,0,,,
'KOPA',,'BDS OTHER','Koelreuteria paniculata','Koelreuteria','PANICULATA',,'Goldenrain Tree','No','Late Spring','Fall','Yes','Yes','No','No',,,0,,'30',
'LAIN',,,'Lagerstroemia indica','Lagerstroemia','INDICA',,'Crapemyrtle','No','Summer','Fall','No','Yes','No','Yes',,'http://plants.usda.gov/plantguide/pdf/pg_lain.pdf',0,,'25',
'LAUR2',,,'Lantana urticoides','Lantana','URTICOIDES',,'West Indian Shrubverbena','Yes',,,,,,'No',,,0,,,
'LADE2',,'BDL OTHER','Larix decidua','Larix','DECIDUA',,'European Larch','No','Mid Spring','Winter','Yes','No','No','Yes',,,0,,'20',
'LEBU',,,'Leiophyllum buxifolium','Leiophyllum','BUXIFOLIUM',,'Sandmyrtle','Yes',,,,,,'No',,,0,,,
'LIBE3',,,'Lindera benzoin','Lindera','BENZOIN',,'Northern Spicebush','Yes','Mid Spring','Fall','No','Yes','No','Yes',,'http://plants.usda.gov/plantguide/pdf/pg_libe3.pdf',0,,'12',
'LETH4',,,'Lespedeza thunbergii','Lespedeza','THUNBERGII','Amquail','Thunberg''s Lespedeza','No','Early Summer','Fall','No','Yes','No','Yes','http://plants.usda.gov/factsheet/pdf/fs_leth4.pdf',,0,,'8',
'LEAX',,,'Leucothoe axillaris','Leucothoe','AXILLARIS',,'Coastal Doghobble','Yes','Fall','Fall','No','No','No','Yes',,,0,,'6',
'LEFO',,,'Leucothoe fontanesiana','Leucothoe','FONTANESIANA','Scarletta','Highland Doghobble','Yes','Mid Spring','Summer','Yes','Yes','No','No',,,0,,'4',
'LIAM',,'BES OTHER','Ligustrum amurense','Ligustrum','AMURENSE',,'Amur Privet','No','Late Spring','Fall','No','Yes','No','Yes',,,0,,'12',
'LIJA',,'BES OTHER','Ligustrum japonicum','Ligustrum','JAPONICUM',,'Japanese Privet','No','Summer','Fall','No','Yes','No','Yes',,,0,,'10',
'LILU2',,'BES OTHER','Ligustrum lucidum','Ligustrum','LUCIDUM',,'Glossy Privet','No',,,,,,'No',,,0,,,
'LIOB',,'BES OTHER','Ligustrum obtusifolium','Ligustrum','OBTUSIFOLIUM',,'Border Privet','No',,,,,,'No',,,0,,,
'LIOV',,'BES OTHER','Ligustrum ovalifolium','Ligustrum','OVALIFOLIUM',,'California Privet','No','Early Summer','Fall','No','Yes','No','Yes',,,0,,'16',
'LIQU2',,'BES OTHER','Ligustrum quihoui','Ligustrum','QUIHOUI',,'Waxyleaf Privet','No',,,,,,'No',,,0,,,
'LISI',,'BES OTHER','Ligustrum sinense','Ligustrum','SINENSE',,'Chinese Privet','No',,,,,,'No',,'http://plants.usda.gov/plantguide/pdf/pg_lisi.pdf',0,,,
'LIVU',,'BES OTHER','Ligustrum vulgare','Ligustrum','VULGARE','Cheyenne','European Privet','No','Mid Spring','Fall','No','Yes','No','Yes',,,0,,'12',
'LIBEB',,,'Lindera benzoin var. benzoin','Lindera','BENZOIN',,'Northern Spicebush B','Yes',,,,,,'No',,'http://plants.usda.gov/plantguide/pdf/pg_libeb.pdf',0,,,
'LIBEP',,,'Lindera benzoin var. pubescens','Lindera','BENZOIN',,'Northern Spicebush P','Yes',,,,,,'No',,'http://plants.usda.gov/plantguide/pdf/pg_libep.pdf',0,,,
'LIME7',,,'Lindera melissifolia','Lindera','MELISSIFOLIA',,'Southern Spicebush','Yes',,,,,,'No',,,0,,,
'LISU8',,,'Lindera subcoriacea','Lindera','SUBCORIACEA',,'Bog Spicebush','Yes',,,,,,'No',,,0,,,
'LIST2',,'BDL OTHER','Liquidambar styraciflua','Liquidambar','STYRACIFLUA',,'Sweetgum','Yes','Mid Spring','Fall','Yes','No','No','No','http://plants.usda.gov/factsheet/pdf/fs_list2.pdf','http://plants.usda.gov/plantguide/pdf/cs_list2.pdf',0,,'45',
'LITU',,,'Liriodendron tulipifera','Liriodendron','TULIPIFERA',,'Tuliptree','Yes','Mid Spring','Summer','Yes','Yes','No','No','http://plants.usda.gov/factsheet/pdf/fs_litu.pdf',,0,,'50',
'LIAE',,,'Litsea aestivalis','Litsea','AESTIVALIS',,'Pondspice','Yes',,,,,,'No',,,0,,,
'LOBE',,'BDS OTHER','Lonicera x bella','Lonicera','BELLA',,'Showy Fly Honeysuckle','No',,,,,,'No',,,0,,,
'LOCA7',,'BDS OTHER','Lonicera canadensis','Lonicera','CANADENSIS',,'American Fly Honeysuckle','Yes',,,,,,'No','http://plants.usda.gov/factsheet/pdf/fs_loca7.pdf',,0,,,
'LOFR',,'BDS OTHER','Lonicera fragrantissima','Lonicera','FRAGRANTISSIMA',,'Sweet Breath Of Spring','No',,,,,,'No',,,0,,,
'LOMA6',,'BDS OTHER','Lonicera maackii','Lonicera','MAACKII','Rem-Red','Amur Honeysuckle','No','Late Spring','Fall','Yes','Yes','No','Yes',,,0,,'14',
'LOMO2',,'BDS OTHER','Lonicera morrowii','Lonicera','MORROWII',,'Morrow''s Honeysuckle','No',,,,,,'No',,,0,,,
'LYLI',,,'Lyonia ligustrina','Lyonia','LIGUSTRINA',,'Maleberry','Yes','Spring','Winter','No','No','No','No',,,0,,'18',
'LYLIF',,,'Lyonia ligustrina var. foliosiflora','Lyonia','LIGUSTRINA',,'Maleberry F','Yes',,,,,,'No',,,0,,,
'LYLIL',,,'Lyonia ligustrina var. ligustrina','Lyonia','LIGUSTRINA',,'Maleberry L','Yes',,,,,,'No',,,0,,,
'LYLU3',,,'Lyonia lucida','Lyonia','LUCIDA',,'Fetterbush Lyonia','Yes','Spring','Summer','No','Yes','No','Yes',,,0,,,
'LYMA2',,,'Lyonia mariana','Lyonia','MARIANA',,'Piedmont Staggerbush','Yes',,,,,,'No',,,0,,,
'MAPO',,'BDM OTHER','Maclura pomifera','Maclura','POMIFERA',,'Osage Orange','Yes','Late Spring','Fall','No','No','No','Yes','http://plants.usda.gov/factsheet/pdf/fs_mapo.pdf','http://plants.usda.gov/plantguide/pdf/pg_mapo.pdf',0,,'20',
'MAAC',,'BDL OTHER','Magnolia acuminata','Magnolia','ACUMINATA',,'Cucumber Tree','Yes','Mid Spring','Summer','Yes','Yes','No','Yes',,,0,,'40',
'MAFR',,,'Magnolia fraseri','Magnolia','FRASERI',,'Mountain Magnolia','Yes','Spring','Fall','Yes','Yes','No','No',,,0,,'35',
'MAGR4',,'BEM OTHER','Magnolia grandiflora','Magnolia','GRANDIFLORA',,'Southern Magnolia','Yes','Mid Spring','Summer','Yes','Yes','No','Yes',,,0,,'40',
'MAMA2',,,'Magnolia macrophylla','Magnolia','MACROPHYLLA',,'Bigleaf Magnolia','Yes',,,,,,'No',,,0,,,
'MATR',,,'Magnolia tripetala','Magnolia','TRIPETALA',,'Umbrella-tree','Yes','Spring','Summer','No','Yes','No','Yes',,,0,,'30',
'MAVI2',,'BES OTHER','Magnolia virginiana','Magnolia','VIRGINIANA',,'Sweetbay','Yes','Summer','Winter','No','Yes','No','No',,,0,,'40',
'MABE2',,,'Mahonia bealei','Mahonia','BEALEI',,'Beale''s Barberry','No',,,,,,'No',,,0,,,
'MAAN3',,'MA2','Malus angustifolia','Malus','ANGUSTIFOLIA',,'Southern Crab Apple','Yes',,,,,,'No','http://plants.usda.gov/factsheet/pdf/fs_maan3.pdf',,0,,,
'MAANA',,'MA2','Malus angustifolia var. angustifolia','Malus','ANGUSTIFOLIA',,'Southern Crab Apple A','Yes',,,,,,'No',,,0,,,
'MACO5',,'MA2','Malus coronaria','Malus','CORONARIA',,'Sweet Crab Apple','Yes',,,,,,'No',,,0,,,
'MAHA7',,'MA2','Malus halliana','Malus','HALLIANA',,'Hall Crab Apple','No',,,,,,'No',,,0,,,
'MAPL',,'MA2','Malus x platycarpa','Malus','PLATYCARPA',,'Bigfruit Crab','Yes',,,,,,'No',,,0,,,
'MAPU',,'BDS OTHER','Malus pumila','Malus','PUMILA',,'Paradise Apple','No',,,,,,'No',,,0,,,
'MAAR14',,,'Malvaviscus arboreus','Malvaviscus','ARBOREUS',,'Wax Mallow','Yes',,,,,,'No',,,0,,,
'MAARA',,,'Malvaviscus arboreus var. arboreus','Malvaviscus','ARBOREUS',,'Wax Mallow A','No',,,,,,'No',,,0,,,
'MEAZ',,'BDM OTHER','Melia azedarach','Melia','AZEDARACH',,'Chinaberrytree','No','Indeterminate','Year Round','No','Yes','No','Yes',,,0,,'50',
'MEPI2',,,'Menziesia pilosa','Menziesia','PILOSA',,'Minniebush','Yes',,,,,,'No',,,0,,,
'MOCA7',,'BES OTHER','Morella caroliniensis','Morella','CAROLINIENSIS',,'Southern Bayberry','Yes','Spring','Fall','No','No','No','Yes',,,0,,'7',
'MOCE2',,,'Morella cerifera','Morella','CERIFERA',,'Wax Myrtle','Yes','Spring','Fall','No','No','No','Yes',,,0,,'10',
'MOPE6',,'BES OTHER','Morella pensylvanica','Morella','PENSYLVANICA','Wildwood','Northern Bayberry','Yes','Late Spring','Fall','No','No','No','Yes','http://plants.usda.gov/factsheet/pdf/fs_mope6.pdf',,0,,'7',
'MOAL',,'BDS OTHER','Morus alba','Morus','ALBA',,'White Mulberry','No','Early Spring','Summer','No','No','No','No',,'http://plants.usda.gov/plantguide/pdf/pg_moal.pdf',0,,'30',
'MORU2',,'BDL OTHER','Morus rubra','Morus','RUBRA',,'Red Mulberry','Yes','Early Spring','Summer','No','No','Yes','No',,'http://plants.usda.gov/plantguide/pdf/cs_moru2.pdf',0,,'45',
'MORUR',,,'Morus rubra var. rubra','Morus','RUBRA',,' R','Yes',,,,,,'No',,,0,,,
'MYGA',,,'Myrica gale','Myrica','GALE',,'Sweetgale','Yes','Spring','Spring','No','No','No','No',,,0,,'7',
'NADO',,,'Nandina domestica','Nandina','DOMESTICA',,'Sacred Bamboo','No','Early Summer','Fall','No','Yes','No','Yes',,,0,,'8',
'NEOL',,'BES OTHER','Nerium oleander','Nerium','OLEANDER',,'Oleander','No','Summer','Fall','Yes','Yes','No','No',,,0,,'12',
'NEUM',,,'Nestronia umbellula','Nestronia','UMBELLULA',,'Leechbrush','Yes',,,,,,'No',,,0,,,
'NYAQ2',,'BDM OTHER','Nyssa aquatica','Nyssa','AQUATICA',,'Water Tupelo','Yes','Mid Spring','Fall','Yes','No','No','No',,,0,,'30',
'NYBI',,'BDM OTHER','Nyssa biflora','Nyssa','BIFLORA',,'Swamp Tupelo','Yes','Late Spring','Fall','Yes','No','No','No','http://plants.usda.gov/factsheet/pdf/fs_nybi.pdf',,0,,'36',
'NYSY',,'BDM OTHER','Nyssa sylvatica','Nyssa','SYLVATICA',,'Blackgum','Yes','Late Spring','Fall','Yes','No','No','No','http://plants.usda.gov/factsheet/pdf/fs_nysy.pdf','http://plants.usda.gov/plantguide/pdf/pg_nysy.pdf',0,,'30',
'OPFI',,'CES OTHER','Opuntia ficus-indica','Opuntia','FICUS-INDICA',,'Barbary Fig','No','Mid Summer','Fall','No','Yes','Yes','Yes',,,0,,'10',
'OPHU',,'CES OTHER','Opuntia humifusa','Opuntia','HUMIFUSA',,'Devil''s-tongue','Yes',,,,,,'No',,,0,,,
'OPMO5',,'CES OTHER','Opuntia monacantha','Opuntia','MONACANTHA',,'Common Pricklypear','No',,,,,,'No',,,0,,,
'OPPU2',,'CES OTHER','Opuntia pusilla','Opuntia','PUSILLA',,'Cockspur Pricklypear','Yes',,,,,,'No',,,0,,,
'OPST2',,'CES OTHER','Opuntia stricta','Opuntia','STRICTA',,'Erect Pricklypear','Yes',,,,,,'No',,,0,,,
'OSAM',,'BES OTHER','Osmanthus americanus','Osmanthus','AMERICANUS',,'Devilwood','Yes',,,,,,'No',,,0,,,
'OSAMA',,'BES OTHER','Osmanthus americanus var. americanus','Osmanthus','AMERICANUS',,'Devilwood A','Yes',,,,,,'No',,,0,,,
'OSVI',,'BDM OTHER','Ostrya virginiana','Ostrya','VIRGINIANA',,'Hophornbeam','Yes','Mid Spring','Summer','No','No','No','No',,,0,,'20',
'OSVIV',,'BDM OTHER','Ostrya virginiana var. virginiana','Ostrya','VIRGINIANA',,'Hophornbeam V','Yes',,,,,,'No',,,0,,,
'OXAR',,'BDL OTHER','Oxydendrum arboreum','Oxydendrum','ARBOREUM',,'Sourwood','Yes','Early Summer','Fall','Yes','Yes','No','Yes',,,0,,'20',
'PATO2',,'BDM OTHER','Paulownia tomentosa','Paulownia','TOMENTOSA',,'Princesstree','No','Mid Spring','Fall','Yes','Yes','No','No',,,0,,'60',
'PACA',,,'Paxistima canbyi','Paxistima','CANBYI',,'Canby''s Mountain-lover','Yes',,,,,,'No',,,0,,,
'PEBO',,'BEL OTHER','Persea borbonia','Persea','BORBONIA',,'Redbay','Yes','Late Spring','Fall','No','Yes','Yes','No',,,0,,'50',
'PEPA37',,'BEL OTHER','Persea palustris','Persea','PALUSTRIS',,'Swamp Bay','Yes','Early Spring','Summer','No','Yes','No','Yes',,,0,,'25',
'PHCO7',,,'Philadelphus coronarius','Philadelphus','CORONARIUS',,'Sweet Mock Orange','No','Late Spring','Summer','No','No','No','Yes',,,0,,'8',
'PHHI2',,,'Philadelphus hirsutus','Philadelphus','HIRSUTUS',,'Streambank Mock Orange','Yes',,,,,,'No',,,0,,,
'PHIN5',,,'Philadelphus inodorus','Philadelphus','INODORUS',,'Scentless Mock Orange','Yes',,,,,,'No',,,0,,,
'PHLE14',,,'Phoradendron leucarpum','Phoradendron','LEUCARPUM',,'Oak Mistletoe','Yes',,,,,,'No',,,0,,,
'PHFL9',,'BES OTHER','Photinia floribunda','Photinia','FLORIBUNDA',,'Purple Chokeberry','Yes',,,,,,'No',,,0,,,
'PHME13',,'BES OTHER','Photinia melanocarpa','Photinia','MELANOCARPA',,'Black Chokeberry','Yes','Spring','Fall','Yes','Yes','No','Yes',,,0,,'15',
'PHPY4',,'BES OTHER','Photinia pyrifolia','Photinia','PYRIFOLIA',,'Red Chokeberry','Yes','Mid Spring','Fall','Yes','Yes','No','Yes',,,0,,'5',
'PHOP',,,'Physocarpus opulifolius','Physocarpus','OPULIFOLIUS',,'Common Ninebark','Yes','Late Spring','Fall','Yes','No','No','No',,'http://plants.usda.gov/plantguide/pdf/pg_phop.pdf',0,,'10',
'PHOPO',,,'Physocarpus opulifolius var. opulifolius','Physocarpus','OPULIFOLIUS',,'Common Ninebark O','Yes',,,,,,'No',,'http://plants.usda.gov/plantguide/pdf/pg_phopo.pdf',0,,,
'PIAB',,'CEL OTHER','Picea abies','Picea','ABIES',,'Norway Spruce','No','Mid Spring','Fall','No','No','No','No',,,0,,'35',
'PIRU',,'PIPU','Picea rubens','Picea','RUBENS',,'Red Spruce','Yes','Mid Spring','Fall','No','No','No','No','http://plants.usda.gov/factsheet/pdf/fs_piru.pdf',,0,,'25',
'PIFL',,,'Pieris floribunda','Pieris','FLORIBUNDA',,'Mountain Fetterbush','Yes',,,,,,'No',,,0,,,
'PICL',,'CEM OTHER','Pinus clausa','Pinus','CLAUSA',,'Sand Pine','Yes','Fall','Fall','No','No','No','No',,,0,,'30',
'PIEC2',,'PIEC','Pinus echinata','Pinus','ECHINATA',,'Shortleaf Pine','Yes','Mid Spring','Fall','No','No','No','Yes',,,0,,'60',
'PIEL',,'CEL OTHER','Pinus elliottii','Pinus','ELLIOTTII',,'Slash Pine','Yes','Winter','Fall','No','No','No','Yes',,'http://plants.usda.gov/plantguide/pdf/pg_piel.pdf',0,,'60',
'PIELE2',,'CEL OTHER','Pinus elliottii var. elliottii','Pinus','ELLIOTTII',,'Honduras Pine','Yes',,,,,,'No',,,0,,,
'PIPA2',,'CEL OTHER','Pinus palustris','Pinus','PALUSTRIS',,'Longleaf Pine','Yes','Late Winter','Winter','No','No','No','Yes','http://plants.usda.gov/factsheet/pdf/fs_pipa2.pdf',,0,,'40',
'PIPI6',,'CEL OTHER','Pinus pinaster','Pinus','PINASTER',,'Maritime Pine','No',,,,,,'No',,,0,,,
'PIPU5',,'CEL OTHER','Pinus pungens','Pinus','PUNGENS',,'Table Mountain Pine','Yes','Mid Spring','Fall','No','No','No','Yes',,,0,,'25',
'PIRE',,'PIPO','Pinus resinosa','Pinus','RESINOSA',,'Red Pine','Yes','Spring','Fall','No','No','No','Yes','http://plants.usda.gov/factsheet/pdf/fs_pire.pdf','http://plants.usda.gov/plantguide/pdf/cs_pire.pdf',0,,'30',
'PIRI',,'CEL OTHER','Pinus rigida','Pinus','RIGIDA',,'Pitch Pine','Yes','Spring','Fall','No','No','No','Yes',,,0,,'20',
'PISE',,'CEL OTHER','Pinus serotina','Pinus','SEROTINA',,'Pond Pine','Yes','Late Spring','Fall','No','No','No','Yes',,,0,,'25',
'PISO',,'CEL OTHER','Pinus xsondereggeri','Pinus','SONDEREGGERI',,'Pinus Xsondereggeri','Yes',,,,,,'No',,,0,,,
'PIST',,'PIPO','Pinus strobus','Pinus','STROBUS',,'Eastern White Pine','Yes','Late Spring','Fall','No','No','No','Yes','http://plants.usda.gov/factsheet/pdf/fs_pist.pdf',,0,,'40',
'PITA',,'PITA','Pinus taeda','Pinus','TAEDA',,'Loblolly Pine','Yes','Mid Spring','Fall','No','No','No','Yes',,,0,,'50',
'PITH2',,'CEL OTHER','Pinus thunbergii','Pinus','THUNBERGII',,'Japanese Black Pine','No',,,,,,'No','http://plants.usda.gov/factsheet/pdf/fs_pith2.pdf',,0,,,
'PIVI2',,'CEL OTHER','Pinus virginiana','Pinus','VIRGINIANA',,'Virginia Pine','Yes','Mid Spring','Fall','No','No','No','Yes',,,0,,'25',
'PITO2',,'BEM OTHER','Pittosporum tobira','Pittosporum','TOBIRA',,'Japanese Cheesewood','No','Late Spring','Summer','No','Yes','No','No',,,0,,'20',
'PLAQ',,,'Planera aquatica','Planera','AQUATICA',,'Planertree','Yes','Early Spring','Spring','No','No','No','No',,,0,,'40',
'PLOC',,'BDL OTHER','Platanus occidentalis','Platanus','OCCIDENTALIS',,'American Sycamore','Yes','Spring','Fall','Yes','No','No','No',,'http://plants.usda.gov/plantguide/pdf/cs_ploc.pdf',0,,'65',
'POAM3',,,'Polygonella americana','Polygonella','AMERICANA',,'Southern Jointweed','Yes',,,,,,'No',,,0,,,
'POPO2',,,'Polygonella polygama','Polygonella','POLYGAMA',,'October Flower','Yes',,,,,,'No',,,0,,,
'POTR4',,,'Poncirus trifoliata','Poncirus','TRIFOLIATA',,'Hardy Orange','No',,,,,,'No',,,0,,,
'POAL7',,'BDL OTHER','Populus alba','Populus','ALBA','Pyramidalis','White Poplar','No',,,'No','No','No','Yes',,,0,,'80',
'POCA19',,'FRPE','Populus x canadensis','Populus','CANADENSIS','Noreaster','Carolina Poplar','Yes','Early Spring','Spring','No','No','No','Yes',,,0,,'70',
'POCA14',,'BDL OTHER','Populus x canescens','Populus','CANESCENS',,'Gray Poplar','No',,,,,,'No',,,0,,,
'PODE3',,'FRPE','Populus deltoides','Populus','DELTOIDES',,'Eastern Cottonwood','Yes','Spring','Spring','No','No','No','Yes','http://plants.usda.gov/factsheet/pdf/fs_pode3.pdf',,0,,'80',
'PODED',,,'Populus deltoides ssp. deltoides','Populus','DELTOIDES',,'Eastern Cottonwood D','Yes',,,,,,'No',,,0,,,
'POGR4',,'BDL OTHER','Populus grandidentata','Populus','GRANDIDENTATA',,'Bigtooth Aspen','Yes','Mid Spring','Spring','No','No','No','Yes',,,0,,'40',
'POHE4',,,'Populus heterophylla','Populus','HETEROPHYLLA',,'Swamp Cottonwood','Yes','Mid Spring','Summer','No','No','No','No',,,0,,'50',
'POJA2',,,'Populus x jackii','Populus','JACKII',,'Balm-of-gilead','Yes',,,,,,'No',,,0,,,
'PONI',,'BDL OTHER','Populus nigra','Populus','NIGRA','Lombardy','Lombardy Poplar','No',,,'No','No','No','Yes',,,0,,'90',
'POTR5',,'FRPE','Populus tremuloides','Populus','TREMULOIDES',,'Quaking Aspen','Yes','Mid Spring','Summer','No','No','No','Yes',,'http://plants.usda.gov/plantguide/pdf/cs_potr5.pdf',0,,'40',
'PRAL7',,'BDS OTHER','Prunus alabamensis','Prunus','ALABAMENSIS',,'Alabama Cherry','Yes',,,,,,'No',,,0,,,
'PRAL5',,'BDS OTHER','Prunus alleghaniensis','Prunus','ALLEGHANIENSIS',,'Allegheny Plum','Yes',,,,,,'No',,,0,,,
'PRALA',,'BDS OTHER','Prunus alleghaniensis var. alleghaniensis','Prunus','ALLEGHANIENSIS',,'Allegheny Plum A','Yes',,,,,,'No',,,0,,,
'PRAM',,'PRSE2','Prunus americana','Prunus','AMERICANA',,'American Plum','Yes','Mid Spring','Fall','No','Yes','Yes','Yes','http://plants.usda.gov/factsheet/pdf/fs_pram.pdf','http://plants.usda.gov/plantguide/pdf/cs_pram.pdf',0,,'24',
'PRAN3',,'BDS OTHER','Prunus angustifolia','Prunus','ANGUSTIFOLIA','Rainbow','Chickasaw Plum','Yes','Early Spring','Summer','No','Yes','Yes','Yes','http://plants.usda.gov/factsheet/pdf/fs_pran3.pdf','http://plants.usda.gov/plantguide/pdf/pg_pran3.pdf',0,,'10',
'PRANA',,'BDS OTHER','Prunus angustifolia var. angustifolia','Prunus','ANGUSTIFOLIA',,'Chickasaw Plum A','Yes',,,,,,'No',,,0,,,
'PRAV',,'PRSE2','Prunus avium','Prunus','AVIUM',,'Sweet Cherry','No',,,,,,'No',,,0,,,
'PRCA',,'BES OTHER','Prunus caroliniana','Prunus','CAROLINIANA',,'Carolina Laurelcherry','Yes',,,,,,'No',,,0,,,
'PRCE',,'BDS OTHER','Prunus cerasus','Prunus','CERASUS',,'Sour Cherry','No',,,,,,'No',,,0,,,
'PRGL80',,'BDS OTHER','Prunus glandulosa','Prunus','GLANDULOSA',,'Flowering Almond','No',,,,,,'No',,,0,,,
'PRMA',,'BDS OTHER','Prunus mahaleb','Prunus','MAHALEB',,'Mahaleb Cherry','No',,,,,,'No',,,0,,,
'PRME',,'BDS OTHER','Prunus mexicana','Prunus','MEXICANA',,'Mexican Plum','Yes',,,,,,'No',,,0,,,
'PRPE2',,'PRSE2','Prunus pensylvanica','Prunus','PENSYLVANICA',,'Pin Cherry','Yes','Mid Spring','Summer','No','Yes','Yes','No',,,0,,'25',
'PRPEP',,,'Prunus pensylvanica var. pensylvanica','Prunus','PENSYLVANICA',,'Pin Cherry P','Yes',,,,,,'No',,,0,,,
'PRPE3',,'BDS OTHER','Prunus persica','Prunus','PERSICA',,'Peach','No',,,,,,'No',,,0,,,
'PRSE2',,'BDS OTHER','Prunus serotina','Prunus','SEROTINA',,'Black Cherry','Yes','Late Spring','Summer','No','Yes','Yes','Yes',,'http://plants.usda.gov/plantguide/pdf/pg_prse2.pdf',0,,'40',
'PRSES',,,'Prunus serotina var. serotina','Prunus','SEROTINA',,'Black Cherry S','Yes',,,,,,'No',,'http://plants.usda.gov/plantguide/pdf/pg_prses.pdf',0,,,
'PRSU3',,'BDS OTHER','Prunus susquehanae','Prunus','SUSQUEHANAE',,'Sesquehana Sandcherry','Yes',,,,,,'No',,,0,,,
'PRUM',,'BDS OTHER','Prunus umbellata','Prunus','UMBELLATA',,'Hog Plum','Yes',,,,,,'No',,,0,,,
'PRUMI',,'BDS OTHER','Prunus umbellata var. injuncunda','Prunus','UMBELLATA',,'Hog Plum I','Yes',,,,,,'No',,,0,,,
'PRUMU',,'BDS OTHER','Prunus umbellata var. umbellata','Prunus','UMBELLATA',,'Hog Plum U','Yes',,,,,,'No',,,0,,,
'PRVI',,'MA2','Prunus virginiana','Prunus','VIRGINIANA',,'Common Chokecherry','Yes','Mid Spring','Summer','Yes','Yes','Yes','Yes','http://plants.usda.gov/factsheet/pdf/fs_prvi.pdf','http://plants.usda.gov/plantguide/pdf/cs_prvi.pdf',0,,'15',
'PRVIV',,'MA2','Prunus virginiana var. virginiana','Prunus','VIRGINIANA',,'Common Chokecherry V','Yes',,,,,,'No',,,0,,,
'PTTR',,'BDS OTHER','Ptelea trifoliata','Ptelea','TRIFOLIATA',,'Common Hoptree','Yes','Early Summer','Summer','Yes','No','No','Yes',,,0,,'20',
'PTTRT',,,'Ptelea trifoliata ssp. trifoliata','Ptelea','TRIFOLIATA',,'Common Hoptree T','Yes',,,,,,'No',,,0,,,
'PTTRM',,,'Ptelea trifoliata ssp. trifoliata var. mollis','Ptelea','TRIFOLIATA',,'Common Hoptree M','Yes',,,,,,'No',,,0,,,
'PTTRT2',,,'Ptelea trifoliata ssp. trifoliata var. trifoliata','Ptelea','TRIFOLIATA',,'Common Hoptree T2','Yes',,,,,,'No',,,0,,,
'PUGR2',,'BDS OTHER','Punica granatum','Punica','GRANATUM',,'Pomegranate','No','Spring','Fall','Yes','Yes','Yes','No',,,0,,'20',
'PYCO2',,'BES OTHER','Pyracantha coccinea','Pyracantha','COCCINEA','Lalandii','Scarlet Firethorn','No','Early Summer','Fall','Yes','Yes','No','Yes',,,0,,'9',
'PYAM',,,'Pyrola americana','Pyrola','AMERICANA',,'American Wintergreen','Yes',,,,,,'No',,,0,,,
'PYEL',,,'Pyrola elliptica','Pyrola','ELLIPTICA',,'Waxflower Shinleaf','Yes',,,,,,'No',,,0,,,
'PYPU',,,'Pyrularia pubera','Pyrularia','PUBERA',,'Buffalo Nut','Yes',,,,,,'No',,,0,,,
'PYCA80',,'BDM OTHER','Pyrus calleryana','Pyrus','CALLERYANA','Bradford','Callery Pear','No','Early Spring','Summer','Yes','Yes','No','Yes',,,0,,'30',
'PYCO',,'BDM OTHER','Pyrus communis','Pyrus','COMMUNIS',,'Common Pear','No','Early Spring','Summer','Yes','Yes','Yes','Yes',,,0,,'40',
'PYBR',,,'Pyxidanthera brevifolia','Pyxidanthera','BREVIFOLIA',,'Littleleaf Pixiemoss','Yes',,,,,,'No',,,0,,,
'QUAC80',,'BDM OTHER','Quercus acutissima','Quercus','ACUTISSIMA','Gobbler','Sawtooth Oak','No','Mid Spring','Fall','Yes','No','No','Yes','http://plants.usda.gov/factsheet/pdf/fs_quac80.pdf',,0,,'60',
'QUAL',,'FRPE','Quercus alba','Quercus','ALBA',,'White Oak','Yes','Mid Spring','Fall','Yes','No','No','No','http://plants.usda.gov/factsheet/pdf/fs_qual.pdf',,0,,'25',
'QUAS3',,'BDM OTHER','Quercus xashei','Quercus','ASHEI',,'Quercus Xashei','Yes',,,,,,'No',,,0,,,
'QUAT',,'BDM OTHER','Quercus xatlantica','Quercus','ATLANTICA',,'Quercus Xatlantica','Yes',,,,,,'No',,,0,,,
'QUAU',,'BDM OTHER','Quercus austrina','Quercus','AUSTRINA',,'Bastard White Oak','Yes',,,,,,'No',,,0,,,
'QUBE',,'BDM OTHER','Quercus xbeadlei','Quercus','BEADLEI',,'Quercus Xbeadlei','Yes',,,,,,'No',,,0,,,
'QUBE4',,'BDM OTHER','Quercusxbernardiensis','Quercus','BERNARDIENSIS',,'Quercusxbernardiensis','Yes',,,,,,'No',,,0,,,
'QUBI',,'ACPL','Quercus bicolor','Quercus','BICOLOR',,'Swamp White Oak','Yes','Early Spring','Fall','Yes','No','No','No',,'http://plants.usda.gov/plantguide/pdf/cs_qubi.pdf',0,,'30',
'QUBL',,'BDM OTHER','Quercus xblufftonensis','Quercus','BLUFFTONENSIS',,'Quercus Xblufftonensis','Yes',,,,,,'No',,,0,,,
'QUBU',,'BDM OTHER','Quercus xbushii','Quercus','BUSHII',,'Quercus Xbushii','Yes',,,,,,'No',,,0,,,
'QUCA',,'BDM OTHER','Quercus xcaduca','Quercus','CADUCA',,'Quercus Xcaduca','Yes',,,,,,'No',,,0,,,
'QUCA2',,'BDM OTHER','Quercus xcapesii','Quercus','CAPESII',,'Quercus Xcapesii','Yes',,,,,,'No',,,0,,,
'QUCO2',,'BDL OTHER','Quercus coccinea','Quercus','COCCINEA',,'Scarlet Oak','Yes','Mid Spring','Fall','Yes','No','No','No',,,0,,'30',
'QUCOC',,,'Quercus coccinea var. coccinea','Quercus','COCCINEA',,'Scarlet Oak C','Yes',,,,,,'No',,,0,,,
'QUCR',,'BDM OTHER','Quercus xcravenensis','Quercus','CRAVENENSIS',,'Quercus Xcravenensis','Yes',,,,,,'No',,,0,,,
'QUDE2',,'BDM OTHER','Quercus xdemareei','Quercus','DEMAREEI',,'Quercus Xdemareei','Yes',,,,,,'No',,,0,,,
'QUFA',,'BDL OTHER','Quercus falcata','Quercus','FALCATA',,'Southern Red Oak','Yes','Mid Spring','Fall','Yes','No','No','Yes',,,0,,'35',
'QUFE2',,'BDM OTHER','Quercus xfernowii','Quercus','FERNOWII',,'Quercus Xfernowii','Yes',,,,,,'No',,,0,,,
'QUGA3',,'BDM OTHER','Quercus xgarlandensis','Quercus','GARLANDENSIS',,'Quercus Xgarlandensis','Yes',,,,,,'No',,,0,,,
'QUGE2',,'BEL OTHER','Quercus geminata','Quercus','GEMINATA',,'Sand Live Oak','Yes',,,,,,'No',,,0,,,
'QUHE2',,'BEM OTHER','Quercus hemisphaerica','Quercus','HEMISPHAERICA',,'Darlington Oak','Yes',,,,,,'No',,,0,,,
'QUHEH',,,'Quercus hemisphaerica var. hemisphaerica','Quercus','HEMISPHAERICA',,'Darlington Oak H','Yes',,,,,,'No',,,0,,,
'QUHEM',,,'Quercus hemisphaerica var. maritima','Quercus','HEMISPHAERICA',,'Darlington Oak M','Yes',,,,,,'No',,,0,,,
'QUIL',,'BDM OTHER','Quercus ilicifolia','Quercus','ILICIFOLIA',,'Bear Oak','Yes',,,,,,'No',,,0,,,
'QUIM',,'BDL OTHER','Quercus imbricaria','Quercus','IMBRICARIA',,'Shingle Oak','Yes','Late Spring','Fall','Yes','No','No','Yes',,,0,,'30',
'QUIN',,'BDM OTHER','Quercus incana','Quercus','INCANA',,'Bluejack Oak','Yes',,,,,,'No',,,0,,,
'QUIN5',,'BDM OTHER','Quercus xincomita','Quercus','INCOMITA',,'Quercus Xincomita','Yes',,,,,,'No',,,0,,,
'QULA2',,'BDM OTHER','Quercus laevis','Quercus','LAEVIS',,'Turkey Oak','Yes','Late Spring','Fall','Yes','No','No','No',,,0,,'30',
'QULA3',,'BDM OTHER','Quercus laurifolia','Quercus','LAURIFOLIA',,'Laurel Oak','Yes','Early Spring','Fall','Yes','No','No','No',,,0,,'28',
'QULE',,'BDM OTHER','Quercus xleana','Quercus','LEANA',,'Quercus Xleana','Yes',,,,,,'No',,,0,,,
'QULU',,'BDM OTHER','Quercus xludoviciana','Quercus','LUDOVICIANA',,'Quercus Xludoviciana','Yes',,,,,,'No',,,0,,,
'QULY',,'BDM OTHER','Quercus lyrata','Quercus','LYRATA',,'Overcup Oak','Yes','Mid Spring','Fall','Yes','No','No','No',,'http://plants.usda.gov/plantguide/pdf/pg_quly.pdf',0,,'30',
'QUMA6',,'BDM OTHER','Quercus margarettae','Quercus','MARGARETTAE',,'Runner Oak','Yes',,,,,,'No',,,0,,,
'QUMA3',,'BDM OTHER','Quercus marilandica','Quercus','MARILANDICA',,'Blackjack Oak','Yes','Mid Spring','Fall','Yes','No','No','Yes',,,0,,'20',
'QUMAM2',,,'Quercus marilandica var. marilandica','Quercus','MARILANDICA',,'Blackjack Oak M','Yes',,,,,,'No',,,0,,,
'QUME',,'BDM OTHER','Quercus xmellichampii','Quercus','MELLICHAMPII',,'Quercus Xmellichampii','Yes',,,,,,'No',,,0,,,
'QUMI',,'BDL OTHER','Quercus michauxii','Quercus','MICHAUXII',,'Swamp Chestnut Oak','Yes','Mid Spring','Fall','Yes','No','No','No','http://plants.usda.gov/factsheet/pdf/fs_qumi.pdf',,0,,'35',
'QUMI2',,'BDM OTHER','Quercus minima','Quercus','MINIMA',,'Dwarf Live Oak','Yes',,,,,,'No',,,0,,,
'QUMU',,'BDM OTHER','Quercus muehlenbergii','Quercus','MUEHLENBERGII',,'Chinkapin Oak','Yes','Mid Spring','Fall','Yes','No','No','No',,,0,,'30',
'QUNI',,'QUNI','Quercus nigra','Quercus','NIGRA',,'Water Oak','Yes','Mid Spring','Summer','Yes','No','No','No',,,0,,'30',
'QUPA5',,'BDM OTHER','Quercus pagoda','Quercus','PAGODA',,'Cherrybark Oak','Yes','Mid Spring','Fall','Yes','No','No','No',,'http://plants.usda.gov/plantguide/pdf/pg_qupa5.pdf',0,,'60',
'QUPA3',,'BDM OTHER','Quercus xpalmeriana','Quercus','PALMERIANA',,'Quercus Xpalmeriana','Yes',,,,,,'No',,,0,,,
'QUPA2',,'QUPA','Quercus palustris','Quercus','PALUSTRIS',,'Pin Oak','Yes','Spring','Fall','Yes','No','No','No','http://plants.usda.gov/factsheet/pdf/fs_qupa2.pdf',,0,,'40',
'QUPH',,'QUPH','Quercus phellos','Quercus','PHELLOS',,'Willow Oak','Yes','Mid Spring','Fall','Yes','No','No','No','http://plants.usda.gov/factsheet/pdf/fs_quph.pdf',,0,,'60',
'QUPO',,'BDM OTHER','Quercus xpodophylla','Quercus','PODOPHYLLA',,'Quercus Xpodophylla','Yes',,,,,,'No',,,0,,,
'QUPR',,'BDM OTHER','Quercus prinoides','Quercus','PRINOIDES',,'Dwarf Chinkapin Oak','Yes',,,,,,'No',,,0,,,
'QUPR2',,'QURU','Quercus prinus','Quercus','PRINUS',,'Chestnut Oak','Yes','Mid Spring','Fall','Yes','No','No','No',,,0,,'25',
'QUPU80',,'BDM OTHER','Quercus pumila','Quercus','PUMILA',,'Running Oak','Yes','Spring','Fall','Yes','No','No','Yes',,,0,,'1',
'QURU',,'QURU','Quercus rubra','Quercus','RUBRA',,'Northern Red Oak','Yes','Mid Spring','Fall','Yes','No','No','No',,'http://plants.usda.gov/plantguide/pdf/cs_quru.pdf',0,,'36',
'QURUA',,,'Quercus rubra var. ambigua','Quercus','RUBRA',,'Northern Red Oak A','Yes',,,,,,'No',,,0,,,
'QURUR',,,'Quercus rubra var. rubra','Quercus','RUBRA',,'Northern Red Oak R','Yes',,,,,,'No',,,0,,,
'QURU2',,'BDM OTHER','Quercus xrudkinii','Quercus','RUDKINII',,'Quercus Xrudkinii','Yes',,,,,,'No',,,0,,,
'QURU3',,'BDM OTHER','Quercus xruncinata','Quercus','RUNCINATA',,'Quercus Xruncinata','Yes',,,,,,'No',,,0,,,
'QUSA',,'BDM OTHER','Quercus xsaulii','Quercus','SAULII',,'Quercus Xsaulii','Yes',,,,,,'No',,,0,,,
'QUSH',,'BDM OTHER','Quercus shumardii','Quercus','SHUMARDII',,'Shumard''s Oak','Yes','Early Spring','Fall','Yes','No','No','Yes',,'http://plants.usda.gov/plantguide/pdf/cs_qush.pdf',0,,'35',
'QUSHS2',,'BDL OTHER','Quercus shumardii var. shumardii','Quercus','SHUMARDII',,'Shumard Oak','Yes',,,,,,'No',,,0,,,
'QUST',,'BDL OTHER','Quercus stellata','Quercus','STELLATA',,'Post Oak','Yes','Early Spring','Fall','Yes','No','No','Yes',,,0,,'25',
'QUST3',,'BDM OTHER','Quercus xsterilis','Quercus','STERILIS',,'Quercus Xsterilis','Yes',,,,,,'No',,,0,,,
'QUSU2',,'BDM OTHER','Quercus xsubintegra','Quercus','SUBINTEGRA',,'Quercus Xsubintegra','Yes',,,,,,'No',,,0,,,
'QUTO4',,'BDM OTHER','Quercus xtottenii','Quercus','TOTTENII',,'Quercus Xtottenii','Yes',,,,,,'No',,,0,,,
'QUVE',,'BDL OTHER','Quercus velutina','Quercus','VELUTINA',,'Black Oak','Yes','Early Spring','Fall','Yes','No','No','No',,,0,,'25',
'QUVI',,'BEL OTHER','Quercus virginiana','Quercus','VIRGINIANA',,'Live Oak','Yes','Early Spring','Fall','No','No','No','No','http://plants.usda.gov/factsheet/pdf/fs_quvi.pdf','http://plants.usda.gov/plantguide/pdf/pg_quvi.pdf',0,,'25',
'QUWA',,'BDM OTHER','Quercus xwalteriana','Quercus','WALTERIANA',,'Quercus Xwalteriana','Yes',,,,,,'No',,,0,,,
'QUWI',,'BDM OTHER','Quercus xwilldenowiana','Quercus','WILLDENOWIANA',,'Quercus Xwilldenowiana','Yes',,,,,,'No',,,0,,,
'RHCA3',,'MA2','Rhamnus cathartica','Rhamnus','CATHARTICA',,'Common Buckthorn','No',,,,,,'No',,,0,,,
'RHDA',,'MA2','Rhamnus davurica','Rhamnus','DAVURICA',,'Dahurian Buckthorn','No',,,,,,'No',,,0,,,
'RHDAD2',,'MA2','Rhamnus davurica ssp. davurica','Rhamnus','DAVURICA',,'Dahurian Buckthorn D','No',,,,,,'No',,,0,,,
'RHMA2',,,'Rhizophora mangle','Rhizophora','MANGLE',,'Red Mangrove','Yes',,,,,,'No',,,0,,,
'RHAR3',,'BES OTHER','Rhododendron arborescens','Rhododendron','ARBORESCENS',,'Smooth Azalea','Yes','Late Spring','Summer','Yes','Yes','No','No',,,0,,'18',
'RHAT',,'BES OTHER','Rhododendron atlanticum','Rhododendron','ATLANTICUM',,'Dwarf Azalea','Yes','Early Spring','Summer','Yes','Yes','No','No',,,0,,'2',
'RHCA4',,'BES OTHER','Rhododendron calendulaceum','Rhododendron','CALENDULACEUM',,'Flame Azalea','Yes',,,,,,'No',,,0,,,
'RHCA7',,'BES OTHER','Rhododendron canescens','Rhododendron','CANESCENS',,'Mountain Azalea','Yes','Spring','Summer','No','Yes','No','Yes',,,0,,'13',
'RHCA14',,'BES OTHER','Rhododendron carolinianum','Rhododendron','CAROLINIANUM',,'Carolina Azalea','Yes',,,,,,'No',,,0,,,
'RHCA8',,'BES OTHER','Rhododendron catawbiense','Rhododendron','CATAWBIENSE',,'Catawba Rosebay','Yes',,,,,,'No',,,0,,,
'RHCU',,'BES OTHER','Rhododendron cumberlandense','Rhododendron','CUMBERLANDENSE',,'Cumberland Rhododendron','Yes',,,,,,'No',,,0,,,
'RHMA4',,'BES OTHER','Rhododendron maximum','Rhododendron','MAXIMUM',,'Great Laurel','Yes','Mid Spring','Summer','Yes','Yes','No','No',,,0,,'15',
'RHMI2',,'BES OTHER','Rhododendron minus','Rhododendron','MINUS',,'Piedmont Rhododendron','Yes',,,,,,'No',,,0,,,
'RHPE4',,'BES OTHER','Rhododendron periclymenoides','Rhododendron','PERICLYMENOIDES',,'Pink Azalea','Yes','Mid Spring','Summer','No','Yes','No','Yes',,,0,,'4',
'RHPR',,'BES OTHER','Rhododendron prinophyllum','Rhododendron','PRINOPHYLLUM',,'Early Azalea','Yes',,,,,,'No',,,0,,,
'RHVA',,'BES OTHER','Rhododendron vaseyi','Rhododendron','VASEYI',,'Pinkshell Azalea','Yes',,,,,,'No',,,0,,,
'RHVI2',,'BES OTHER','Rhododendron viscosum','Rhododendron','VISCOSUM',,'Swamp Azalea','Yes','Indeterminate','Fall','No','Yes','No','No',,,0,,'13',
'RHWE',,'BES OTHER','Rhododendron xwelleslyanum','Rhododendron','WELLESLYANUM',,'Rhododendron Xwelleslyanum','Yes',,,,,,'No',,,0,,,
'RHAR4',,'MA2','Rhus aromatica','Rhus','AROMATICA',,'Fragrant Sumac','Yes',,,,,,'No',,'http://plants.usda.gov/plantguide/pdf/cs_rhar4.pdf',0,,,
'RHARA2',,'MA2','Rhus aromatica var. aromatica','Rhus','AROMATICA',,'Fragrant Sumac A','Yes',,,,,,'No',,'http://plants.usda.gov/plantguide/pdf/cs_rhara2.pdf',0,,,
'RHAS3',,'MA2','Rhus ashei','Rhus','ASHEI',,'Ashe''s Sumac','Yes',,,,,,'No',,,0,,,
'RHCO',,'MA2','Rhus copallinum','Rhus','COPALLINUM',,'Winged Sumac','Yes','Mid Spring','Fall','Yes','No','No','Yes','http://plants.usda.gov/factsheet/pdf/fs_rhco.pdf',,0,,'8',
'RHCOC',,'MA2','Rhus copallinum var. copallinum','Rhus','COPALLINUM',,'Winged Sumac C','Yes',,,,,,'No',,,0,,,
'RHCOL2',,'MA2','Rhus copallinum var. latifolia','Rhus','COPALLINUM',,'Winged Sumac L2','Yes',,,,,,'No',,,0,,,
'RHCOL',,'MA2','Rhus copallinum var. leucantha','Rhus','COPALLINUM',,'Winged Sumac L','Yes',,,,,,'No',,,0,,,
'RHGL',,'BDS OTHER','Rhus glabra','Rhus','GLABRA',,'Smooth Sumac','Yes','Mid Spring','Fall','Yes','No','No','Yes','http://plants.usda.gov/factsheet/pdf/fs_rhgl.pdf','http://plants.usda.gov/plantguide/pdf/cs_rhgl.pdf',0,,'12',
'RHMI11',,'MA2','Rhus michauxii','Rhus','MICHAUXII',,'False Poison Sumac','Yes',,,,,,'No',,,0,,,
'RHPU12',,'MA2','Rhus pulvinata','Rhus','PULVINATA',,'Northern Smooth Sumac','Yes',,,,,,'No',,,0,,,
'RHTY',,'BDS OTHER','Rhus typhina','Rhus','TYPHINA',,'Staghorn Sumac','Yes',,,,,,'No',,,0,,,
'RICY',,,'Ribes cynosbati','Ribes','CYNOSBATI',,'Eastern Prickly Gooseberry','Yes',,,,,,'No',,,0,,,
'RIGL',,,'Ribes glandulosum','Ribes','GLANDULOSUM',,'Skunk Currant','Yes',,,,,,'No',,,0,,,
'RIRO2',,,'Ribes rotundifolium','Ribes','ROTUNDIFOLIUM',,'Appalachian Gooseberry','Yes',,,,,,'No',,,0,,,
'RIRU80',,,'Ribes rubrum','Ribes','RUBRUM',,'Cultivated Currant','No',,,,,,'No',,,0,,,
'RIUV80',,,'Ribes uva-crispa','Ribes','UVA-CRISPA',,'European Gooseberry','No',,,,,,'No',,,0,,,
'RIUVS',,,'Ribes uva-crispa var. sativum','Ribes','UVA-CRISPA',,'European Gooseberry S','No',,,,,,'No',,,0,,,
'RICO3',,,'Ricinus communis','Ricinus','COMMUNIS',,'Castorbean','No',,,,,,'No',,,0,,,
'ROAM2',,'BDL OTHER','Robinia xambigua','Robinia','AMBIGUA',,'Robinia Xambigua','Yes',,,,,,'No',,,0,,,
'ROHI',,'BDL OTHER','Robinia hispida','Robinia','HISPIDA',,'Bristly Locust','Yes',,,,,,'No',,,0,,,
'ROHIF8',,'BDL OTHER','Robinia hispida var. fertilis','Robinia','HISPIDA','Arnot','Bristly Locust F','Yes','Late Spring','Fall','No','No','No','Yes','http://plants.usda.gov/factsheet/pdf/fs_acsa2.pdf/factsheet/pdf/fs_rohif8.pdf',,0,,'7',
'ROHIH',,'BDL OTHER','Robinia hispida var. hispida','Robinia','HISPIDA',,'Bristly Locust H','Yes',,,,,,'No',,,0,,,
'ROHIK',,'BDL OTHER','Robinia hispida var. kelseyi','Robinia','HISPIDA',,'Kelsey''s Locust','Yes',,,,,,'No',,,0,,,
'ROHIN',,'BDL OTHER','Robinia hispida var. nana','Robinia','HISPIDA',,'Bristly Locust N','Yes',,,,,,'No',,,0,,,
'ROHIR',,,'Robinia hispida var. rosea','Robinia','HISPIDA',,'Bristly Locust R','Yes',,,,,,'No',,,0,,,
'ROLO2',,'BDL OTHER','Robinia xlongiloba','Robinia','LONGILOBA',,'Robinia Xlongiloba','Yes',,,,,,'No',,,0,,,
'ROMA',,'BDL OTHER','Robinia xmargarettiae','Robinia','MARGARETTIAE',,'Robinia Xmargarettiae','Yes',,,,,,'No',,,0,,,
'ROPS',,'ACPL','Robinia pseudoacacia','Robinia','PSEUDOACACIA','Steiner','Black Locust','Yes','Late Spring','Fall','No','No','No','Yes','http://plants.usda.gov/factsheet/pdf/fs_rops.pdf',,0,,'40',
'ROVI',,'BDL OTHER','Robinia viscosa','Robinia','VISCOSA',,'Clammy Locust','Yes',,,,,,'No',,,0,,,
'ROVIH2',,'BDL OTHER','Robinia viscosa var. hartwegii','Robinia','VISCOSA',,'Hartweg''s Locust','Yes',,,,,,'No',,,0,,,
'ROVIV',,'BDL OTHER','Robinia viscosa var. viscosa','Robinia','VISCOSA',,'Clammy Locust V','Yes',,,,,,'No',,,0,,,
'ROCA4',,,'Rosa carolina','Rosa','CAROLINA',,'Carolina Rose','Yes','Early Summer','Fall','No','Yes','No','Yes',,,0,,'5',
'ROCAC',,,'Rosa carolina var. carolina','Rosa','CAROLINA',,'Carolina Rose C','Yes',,,,,,'No',,,0,,,
'RODA',,,'Rosa x damascena','Rosa','DAMASCENA',,'Damask Rose','No',,,,,,'No',,,0,,,
'ROEG',,,'Rosa eglanteria','Rosa','EGLANTERIA',,'Sweetbriar Rose','No','Early Summer','Fall','Yes','Yes','No','Yes',,,0,,'10',
'ROGA',,,'Rosa gallica','Rosa','GALLICA',,'French Rose','No',,,,,,'No',,,0,,,
'ROMI',,,'Rosa micrantha','Rosa','MICRANTHA',,'Smallflower Sweetbrier','No',,,,,,'No',,,0,,,
'ROPA',,,'Rosa palustris','Rosa','PALUSTRIS',,'Swamp Rose','Yes','Spring','Summer','No','Yes','No','No',,'http://plants.usda.gov/plantguide/pdf/pg_ropa.pdf',0,,'8',
'ROTO',,,'Rosa tomentosa','Rosa','TOMENTOSA',,'Whitewoolly Rose','No',,,,,,'No',,,0,,,
'ROVI2',,,'Rosa virginiana','Rosa','VIRGINIANA',,'Virginia Rose','Yes','Late Spring','Summer','Yes','Yes','No','Yes',,'http://plants.usda.gov/plantguide/pdf/cs_rovi2.pdf',0,,'6',
'ROVIV2',,,'Rosa virginiana var. virginiana','Rosa','VIRGINIANA',,'Virginia Rose V','Yes',,,,,,'No',,'http://plants.usda.gov/plantguide/pdf/cs_roviv2.pdf',0,,,
'ROOF',,,'Rosmarinus officinalis','Rosmarinus','OFFICINALIS',,'Rosemary','No','Mid Spring','Summer','No','Yes','Yes','Yes',,,0,,'5',
'RUAL',,'BDS OTHER','Rubus allegheniensis','Rubus','ALLEGHENIENSIS',,'Allegheny Blackberry','Yes','Mid Spring','Summer','No','Yes','Yes','Yes',,,0,,'6',
'RUALA',,'BDS OTHER','Rubus allegheniensis var. allegheniensis','Rubus','ALLEGHENIENSIS',,'Allegheny Blackberry A','Yes',,,,,,'No',,,0,,,
'RUALG',,'BDS OTHER','Rubus allegheniensis var. gravesii','Rubus','ALLEGHENIENSIS',,'Graves'' Blackberry','Yes',,,,,,'No',,,0,,,
'RUAL9',,'BDS OTHER','Rubus alumnus','Rubus','ALUMNUS',,'Oldfield Blackberry','Yes','Mid Spring','Summer','No','Yes','Yes','Yes',,,0,,'5',
'RUAR2',,'BDS OTHER','Rubus argutus','Rubus','ARGUTUS',,'Sawtooth Blackberry','Yes','Spring','Fall','No','Yes','No','Yes',,,0,,'8',
'RUAR5',,'BDS OTHER','Rubus arvensis','Rubus','ARVENSIS',,'Field Blackberry','Yes',,,,,,'No',,,0,,,
'RUAU',,'BDS OTHER','Rubus audax','Rubus','AUDAX',,'Tampa Blackberry','Yes',,,,,,'No',,,0,,,
'RUBA2',,'BDS OTHER','Rubus baileyanus','Rubus','BAILEYANUS',,'Bailey''s Dewberry','Yes','Mid Spring','Summer','No','Yes','Yes','Yes',,,0,,'5',
'RUBI',,'BDS OTHER','Rubus bifrons','Rubus','BIFRONS',,'Himalayan Berry','No',,,,,,'No',,,0,,,
'RUBO',,'BDS OTHER','Rubus boyntonii','Rubus','BOYNTONII',,'Boynton''s Dewberry','Yes',,,,,,'No',,,0,,,
'RUCA16',,'BDS OTHER','Rubus canadensis','Rubus','CANADENSIS',,'Smooth Blackberry','Yes',,,,,,'No',,,0,,,
'RUCU',,'BDS OTHER','Rubus cuneifolius','Rubus','CUNEIFOLIUS',,'Sand Blackberry','Yes','Mid Spring','Summer','No','Yes','Yes','Yes',,,0,,'3',
'RUDE4',,'BDS OTHER','Rubus deamii','Rubus','DEAMII',,'Deam''s Dewberry','Yes',,,,,,'No',,,0,,,
'RUDE8',,'BDS OTHER','Rubus depavitus','Rubus','DEPAVITUS',,'Aberdeen Dewberry','Yes',,,,,,'No',,,0,,,
'RUFL',,'BDS OTHER','Rubus flagellaris','Rubus','FLAGELLARIS','Lucretia','Northern Dewberry','Yes','Late Spring','Fall','No','Yes','Yes','Yes',,,0,,,
'RUFL4',,'BDS OTHER','Rubus floricomus','Rubus','FLORICOMUS',,'Manyflower Blackberry','Yes',,,,,,'No',,,0,,,
'RUFR4',,'BDS OTHER','Rubus frondosus','Rubus','FRONDOSUS',,'Yankee Blackberry','Yes',,,,,,'No',,,0,,,
'RUGR5',,'BDS OTHER','Rubus grimesii','Rubus','GRIMESII',,'Grimes'' Dewberry','Yes',,,,,,'No',,,0,,,
'RUHI',,'BDS OTHER','Rubus hispidus','Rubus','HISPIDUS',,'Bristly Dewberry','Yes','Spring','Summer','No','Yes','No','Yes',,,0,,,
'RUID',,'BDS OTHER','Rubus idaeus','Rubus','IDAEUS',,'American Red Raspberry','Yes','Spring','Summer','No','No','Yes','Yes',,'http://plants.usda.gov/plantguide/pdf/cs_ruid.pdf',0,,'9',
'RUIDI',,'BDS OTHER','Rubus idaeus ssp. idaeus','Rubus','IDAEUS',,'American Red Raspberry I','No',,,,,,'No',,,0,,,
'RUIDS2',,'BDS OTHER','Rubus idaeus ssp. strigosus','Rubus','IDAEUS',,'Grayleaf Red Raspberry','Yes','Late Summer','Fall','No','No','Yes','Yes',,,0,,'6',
'RUIM',,'BDS OTHER','Rubus immanis','Rubus','IMMANIS',,'Watauga River Blackberry','Yes',,,,,,'No',,,0,,,
'RUIN5',,'BDS OTHER','Rubus invisus','Rubus','INVISUS',,'Upland Dewberry','Yes',,,,,,'No',,,0,,,
'RULA6',,'BDS OTHER','Rubus laudatus','Rubus','LAUDATUS',,'Plains Blackberry','Yes',,,,,,'No',,,0,,,
'RULE3',,'BDS OTHER','Rubus leviculus','Rubus','LEVICULUS',,'Bottomland Dewberry','Yes',,,,,,'No',,,0,,,
'RULO4',,'BDS OTHER','Rubus longii','Rubus','LONGII',,'Long''s Blackberry','Yes',,,,,,'No',,,0,,,
'RUMO5',,'BDS OTHER','Rubus montensis','Rubus','MONTENSIS',,'Mountaintop Blackberry','Yes',,,,,,'No',,,0,,,
'RUOC',,'BDS OTHER','Rubus occidentalis','Rubus','OCCIDENTALIS',,'Black Raspberry','Yes','Mid Spring','Summer','No','Yes','Yes','Yes',,,0,,'5',
'RUOD',,'BDS OTHER','Rubus odoratus','Rubus','ODORATUS',,'Purpleflowering Raspberry','Yes','Late Spring','Summer','No','Yes','No','Yes',,,0,,'5',
'RUODO',,'BDS OTHER','Rubus odoratus var. odoratus','Rubus','ODORATUS',,'Purpleflowering Raspberry O','Yes',,,,,,'No',,,0,,,
'RUPA11',,'BDS OTHER','Rubus pascuus','Rubus','PASCUUS',,'Chesapeake Blackberry','Yes',,,,,,'No',,,0,,,
'RUPE3',,'BDS OTHER','Rubus pensilvanicus','Rubus','PENSILVANICUS',,'Pennsylvania Blackberry','Yes',,,,,,'No',,,0,,,
'RUPH',,'BDS OTHER','Rubus phoenicolasius','Rubus','PHOENICOLASIUS',,'Wine Raspberry','No',,,,,,'No',,,0,,,
'RUPR4',,'BDS OTHER','Rubus probabilis','Rubus','PROBABILIS',,'Tree Blackberry','Yes',,,,,,'No',,,0,,,
'RUPU5',,'BDS OTHER','Rubus pugnax','Rubus','PUGNAX',,'Pugnacious Blackberry','Yes',,,,,,'No',,,0,,,
'RURA2',,'BDS OTHER','Rubus randolphiorum','Rubus','RANDOLPHIORUM',,'Plymouth Blackberry','Yes',,,,,,'No',,,0,,,
'RURO2',,'BDS OTHER','Rubus roribaccus','Rubus','RORIBACCUS',,'Lucretia Dewberry','Yes',,,,,,'No',,,0,,,
'RURO3',,'BDS OTHER','Rubus rosa','Rubus','ROSA',,'Rose Blackberry','Yes',,,,,,'No',,,0,,,
'RUST5',,'BDS OTHER','Rubus steelei','Rubus','STEELEI',,'Steele''s Dewberry','Yes',,,,,,'No',,,0,,,
'RUSU4',,'BDS OTHER','Rubus suus','Rubus','SUUS',,'Branched Blackberry','Yes',,,,,,'No',,,0,,,
'RUTR6',,'BDS OTHER','Rubus trux','Rubus','TRUX',,'Lookout Mountain Blackberry','Yes',,,,,,'No',,,0,,,
'RUVI11',,'BDS OTHER','Rubus vigilis','Rubus','VIGILIS',,'Missouri Blackberry','Yes',,,,,,'No',,,0,,,
'SAMI8',,'PES OTHER','Sabal minor','Sabal','MINOR',,'Dwarf Palmetto','Yes','Late Spring','Winter','No','No','No','Yes',,'http://plants.usda.gov/plantguide/pdf/cs_sami8.pdf',0,,'4',
'SAPA',,'WARO','Sabal palmetto','Sabal','PALMETTO',,'Cabbage Palmetto','Yes','Summer','Winter','No','Yes','Yes','Yes',,'http://plants.usda.gov/plantguide/pdf/cs_sapa.pdf',0,,'15',
'SAAL2',,'ACPL','Salix alba','Salix','ALBA','Britzensis','White Willow','No','Early Spring','Spring','Yes','No','No','No',,,0,,'16',
'SAAT2',,'ACPL','Salix atrocinerea','Salix','ATROCINEREA',,'Large Gray Willow','No',,,,,,'No',,,0,,,
'SACA22',,'ACPL','Salix caprea','Salix','CAPREA',,'Goat Willow','No',,,,,,'No',,,0,,,
'SACA5',,'ACPL','Salix caroliniana','Salix','CAROLINIANA',,'Coastal Plain Willow','Yes','Early Spring','Spring','Yes','No','No','Yes',,,0,,'25',
'SACI',,'ACPL','Salix cinerea','Salix','CINEREA',,'Large Gray Willow I','No',,,,,,'No',,,0,,,
'SADI',,'BDS OTHER','Salix discolor','Salix','DISCOLOR',,'Pussy Willow','Yes','Winter','Spring','No','No','No','No',,,0,,'20',
'SAHU2',,'ACPL','Salix humilis','Salix','HUMILIS',,'Prairie Willow','Yes','Spring','Summer','Yes','No','No','Yes',,'http://plants.usda.gov/plantguide/pdf/cs_sahu2.pdf',0,,'10',
'SAHUH',,'ACPL','Salix humilis var. humilis','Salix','HUMILIS',,'Prairie Willow H','Yes',,,,,,'No',,,0,,,
'SAHUT',,'ACPL','Salix humilis var. tristis','Salix','HUMILIS',,'Prairie Willow T','Yes',,,,,,'No',,,0,,,
'SANI',,'BDM OTHER','Salix nigra','Salix','NIGRA',,'Black Willow','Yes','Early Spring','Summer','No','No','No','Yes','http://plants.usda.gov/factsheet/pdf/fs_sani.pdf','http://plants.usda.gov/plantguide/pdf/pg_sani.pdf',0,,'50',
'SAPE12',,'BDM OTHER','Salix x pendulina','Salix','PENDULINA',,'Wisconsin Weeping Willow','No',,,,,,'No',,,0,,,
'SAPE4',,'ACPL','Salix pentandra','Salix','PENTANDRA',,'Laurel Willow','No','Summer','Fall','Yes','Yes','No','Yes',,,0,,'30',
'SAPU2',,'ACPL','Salix purpurea','Salix','PURPUREA','Nana','Purpleosier Willow','No',,,'No','No','No','Yes','http://plants.usda.gov/factsheet/pdf/fs_sapu2.pdf',,0,,'6',
'SASE10',,'BDM OTHER','Salix x sepulcralis','Salix','SEPULCRALIS',,'Weeping Willow','No','Early Spring','Spring','No','No','No','No',,,0,,'45',
'SASE',,'BDM OTHER','Salix sericea','Salix','SERICEA',,'Silky Willow','Yes','Mid Spring','Spring','No','No','No','No',,,0,,'12',
'SANI4',,,'Sambucus nigra','Sambucus','NIGRA',,'Black Elderberry','Yes',,,,,,'No',,,0,,,
'SANIC4',,'BDS OTHER','Sambucus nigra ssp. canadensis','Sambucus','NIGRA',,'American Black Elderberry','Yes','Spring','Summer','Yes','Yes','Yes','Yes','http://plants.usda.gov/factsheet/pdf/fs_acsa2.pdf/factsheet/pdf/fs_sanic4.pdf','http://plants.usda.gov/plantguide/pdf/cs_sanic4.pdf',0,,'7',
'SARA2',,'BDS OTHER','Sambucus racemosa','Sambucus','RACEMOSA',,'Red Elderberry 2','Yes',,,,,,'No','http://plants.usda.gov/factsheet/pdf/fs_sara2.pdf',,0,,,
'SARAR3',,'BDS OTHER','Sambucus racemosa var. racemosa','Sambucus','RACEMOSA',,'Red Elderberry 3','Yes','Mid Summer','Fall','Yes','Yes','Yes','Yes',,,0,,'18',
'SACH2',,,'Santolina chamaecyparissus','Santolina','CHAMAECYPARISSUS',,'Lavender Cotton','No',,,,,,'No',,,0,,,
'SAAL5',,'BDM OTHER','Sassafras albidum','Sassafras','ALBIDUM',,'Sassafras','Yes','Late Spring','Summer','Yes','Yes','Yes','Yes',,'http://plants.usda.gov/plantguide/pdf/cs_saal5.pdf',0,,'24',
'SILY',,,'Sideroxylon lycioides','Sideroxylon','LYCIOIDES',,'Buckthorn Bully','Yes','Early Summer','Fall','No','No','Yes','Yes',,,0,,'15',
'SITE2',,,'Sideroxylon tenax','Sideroxylon','TENAX',,'Tough Bully','Yes',,,,,,'No',,,0,,,
'SOCA10',,,'Solanum capsicoides','Solanum','CAPSICOIDES',,'Cockroach Berry','No',,,,,,'No',,,0,,,
'SOPS',,,'Solanum pseudocapsicum','Solanum','PSEUDOCAPSICUM',,'Jerusalem Cherry','No',,,,,,'No',,,0,,,
'SOVI2',,,'Solanum viarum','Solanum','VIARUM',,'Tropical Soda Apple','No',,,,,,'No',,,0,,,
'SOAM3',,'BDS OTHER','Sorbus americana','Sorbus','AMERICANA',,'American Mountain Ash','Yes','Early Summer','Fall','Yes','Yes','No','Yes',,,0,,'30',
'SPAL2',,,'Spiraea alba','Spiraea','ALBA',,'White Meadowsweet','Yes','Late Spring','Summer','No','Yes','No','Yes',,,0,,'3',
'SPALA',,,'Spiraea alba var. alba','Spiraea','ALBA',,'White Meadowsweet A','Yes',,,,,,'No',,,0,,,
'SPALL',,,'Spiraea alba var. latifolia','Spiraea','ALBA',,'White Meadowsweet L','Yes',,,,,,'No',,,0,,,
'SPBE2',,,'Spiraea betulifolia','Spiraea','BETULIFOLIA',,'White Spirea','Yes','Early Summer','Fall','No','Yes','No','No',,,0,,'3',
'SPBEC',,,'Spiraea betulifolia var. corymbosa','Spiraea','BETULIFOLIA',,'Shinyleaf Meadowsweet','Yes',,,,,,'No',,,0,,,
'SPCA10',,,'Spiraea cantoniensis','Spiraea','CANTONIENSIS',,'Reeves'' Meadowsweet','No',,,,,,'No',,,0,,,
'SPJA',,,'Spiraea japonica','Spiraea','JAPONICA','Gold flame','Japanese Meadowsweet','No','Fall','Winter','Yes','Yes','No','No',,,0,,'2',
'SPJAF',,,'Spiraea japonica var. fortunei','Spiraea','JAPONICA',,'Fortune Meadowsweet','No',,,,,,'No',,,0,,,
'SPPR',,,'Spiraea prunifolia','Spiraea','PRUNIFOLIA','Plena','Bridalwreath Spirea','No','Mid Spring','Summer','No','Yes','No','No',,,0,,'7',
'SPSA2',,,'Spiraea salicifolia','Spiraea','SALICIFOLIA',,'Willowleaf Meadowsweet','No',,,,,,'No',,,0,,,
'SPTH2',,,'Spiraea thunbergii','Spiraea','THUNBERGII',,'Thunberg''s Meadowsweet','No',,,,,,'No',,,0,,,
'SPTO2',,,'Spiraea tomentosa','Spiraea','TOMENTOSA',,'Steeplebush','Yes','Summer','Fall','Yes','Yes','No','Yes',,,0,,'4',
'SPVA2',,,'Spiraea xvanhouttei','Spiraea','VANHOUTTEI',,'Spiraea Xvanhouttei','No',,,,,,'No',,,0,,,
'SPVI2',,,'Spiraea virginiana','Spiraea','VIRGINIANA',,'Virginia Meadowsweet','Yes',,,,,,'No',,,0,,,
'STTR',,,'Staphylea trifolia','Staphylea','TRIFOLIA',,'American Bladdernut','Yes',,,,,,'No',,,0,,,
'STMA',,,'Stewartia malacodendron','Stewartia','MALACODENDRON',,'Silky Camellia','Yes',,,,,,'No',,,0,,,
'STOV',,,'Stewartia ovata','Stewartia','OVATA',,'Mountain Camellia','Yes',,,,,,'No',,,0,,,
'STJA9',,'BDM OTHER','Styphnolobium japonicum','Styphnolobium','JAPONICUM',,'Japanese Pagoda Tree','No',,,,,,'No',,,0,,,
'STAM4',,,'Styrax americanus','Styrax','AMERICANUS',,'American Snowbell','Yes','Spring','Fall','Yes','No','No','No',,,0,,'15',
'STGR4',,,'Styrax grandifolius','Styrax','GRANDIFOLIUS',,'Bigleaf Snowbell','Yes','Spring','Fall','No','Yes','No','No',,,0,,'20',
'SYAL',,'BDS OTHER','Symphoricarpos albus','Symphoricarpos','ALBUS',,'Common Snowberry','Yes','Early Summer','Fall','No','No','No','Yes',,'http://plants.usda.gov/plantguide/pdf/cs_syal.pdf',0,,'3',
'SYALL',,,'Symphoricarpos albus var. laevigatus','Symphoricarpos','ALBUS',,'Common Snowberry L','Yes',,,,,,'No',,,0,,,
'SYOR',,,'Symphoricarpos orbiculatus','Symphoricarpos','ORBICULATUS',,'Coralberry','Yes','Mid Spring','Fall','Yes','No','No','Yes',,,0,,'2',
'SYTI',,,'Symplocos tinctoria','Symplocos','TINCTORIA',,'Common Sweetleaf','Yes','Late Spring','Fall','No','Yes','No','Yes',,,0,,'40',
'SYVU',,'BDS OTHER','Syringa vulgaris','Syringa','VULGARIS',,'Common Lilac','No','Late Spring','Summer','No','Yes','No','Yes',,'http://plants.usda.gov/plantguide/pdf/cs_syvu.pdf',0,,'20',
'TAAR6',,'BDS OTHER','Tamarix aralensis','Tamarix','ARALENSIS',,'Russian Tamarisk','No',,,,,,'No',,,0,,,
'TACA9',,'BDS OTHER','Tamarix canariensis','Tamarix','CANARIENSIS',,'Canary Island Tamarisk','No',,,,,,'No',,,0,,,
'TACH2',,'BDS OTHER','Tamarix chinensis','Tamarix','CHINENSIS',,'Five-stamen Tamarisk','No',,,,,,'No',,,0,,,
'TAGA',,'BDS OTHER','Tamarix gallica','Tamarix','GALLICA',,'French Tamarisk','No',,,,,,'No',,,0,,,
'TAPA4',,'BDS OTHER','Tamarix parviflora','Tamarix','PARVIFLORA',,'Smallflower Tamarisk','No',,,,,,'No',,,0,,,
'TARA',,'BDS OTHER','Tamarix ramosissima','Tamarix','RAMOSISSIMA',,'Saltcedar','No',,,,,,'No',,,0,,,
'TAAS',,'BDL OTHER','Taxodium ascendens','Taxodium','ASCENDENS',,'Pond Cypress','Yes','Late Winter','Fall','Yes','No','No','Yes',,,0,,'35',
'TADI2',,'BDL OTHER','Taxodium distichum','Taxodium','DISTICHUM',,'Bald Cypress','Yes','Mid Spring','Fall','Yes','No','No','No','http://plants.usda.gov/factsheet/pdf/fs_tadi2.pdf','http://plants.usda.gov/plantguide/pdf/pg_tadi2.pdf',0,,'45',
'TACA7',,'CES OTHER','Taxus canadensis','Taxus','CANADENSIS',,'Canada Yew','Yes','Spring','Summer','No','No','No','Yes',,,0,,'5',
'THOC2',,'CEM OTHER','Thuja occidentalis','Thuja','OCCIDENTALIS',,'Arborvitae','Yes','Mid Spring','Fall','No','No','No','Yes',,'http://plants.usda.gov/plantguide/pdf/cs_thoc2.pdf',0,,'25',
'TIAM',,'TIAM','Tilia americana','Tilia','AMERICANA',,'American Basswood','Yes','Late Spring','Fall','Yes','Yes','No','No',,'http://plants.usda.gov/plantguide/pdf/cs_tiam.pdf',0,,'60',
'TIAMA',,,'Tilia americana var. americana','Tilia','AMERICANA',,'American Basswood A','Yes',,,,,,'No',,'http://plants.usda.gov/plantguide/pdf/cs_tiama.pdf',0,,,
'TIAMC',,,'Tilia americana var. caroliniana','Tilia','AMERICANA',,'Carolina Basswood','Yes',,,,,,'No',,'http://plants.usda.gov/plantguide/pdf/cs_tiamc.pdf',0,,,
'TIAMH',,,'Tilia americana var. heterophylla','Tilia','AMERICANA',,'American Basswood H','Yes','Early Summer','Fall','No','No','No','No',,'http://plants.usda.gov/plantguide/pdf/cs_tiamh.pdf',0,,'50',
'TOVE',,,'Toxicodendron vernix','Toxicodendron','VERNIX',,'Poison Sumac','Yes',,,,,,'No',,,0,,,
'TRSE6',,'BDM OTHER','Triadica sebifera','Triadica','SEBIFERA',,'Chinese Tallow','No',,,,,,'No',,'http://plants.usda.gov/plantguide/pdf/pg_trse6.pdf',0,,,
'TSCA',,'CEL OTHER','Tsuga canadensis','Tsuga','CANADENSIS',,'Eastern Hemlock','Yes','Mid Spring','Fall','No','No','No','No',,'http://plants.usda.gov/plantguide/pdf/cs_tsca.pdf',0,,'22',
'TSCA2',,'CEM OTHER','Tsuga caroliniana','Tsuga','CAROLINIANA',,'Carolina Hemlock','Yes','Mid Spring','Fall','No','No','No','No',,,0,,'20',
'ULAL',,'ULAL','Ulmus alata','Ulmus','ALATA',,'Winged Elm','Yes','Early Spring','Spring','No','No','No','Yes',,,0,,'30',
'ULAM',,'ULAM','Ulmus americana','Ulmus','AMERICANA',,'American Elm','Yes','Early Spring','Spring','Yes','No','No','No',,,0,,'50',
'ULPA',,'BDL OTHER','Ulmus parvifolia','Ulmus','PARVIFOLIA',,'Chinese Elm','No','Late Summer','Spring','Yes','No','No','No',,'http://plants.usda.gov/plantguide/pdf/pg_ulpa.pdf',0,,'40',
'ULPR',,'ULAM','Ulmus procera','Ulmus','PROCERA',,'English Elm','No',,,,,,'No',,,0,,,
'ULPU',,'ULPU','Ulmus pumila','Ulmus','PUMILA',,'Siberian Elm','No','Mid Spring','Spring','No','No','No','No','http://plants.usda.gov/factsheet/pdf/fs_ulpu.pdf','http://plants.usda.gov/plantguide/pdf/cs_ulpu.pdf',0,,'40',
'ULRU',,'BDM OTHER','Ulmus rubra','Ulmus','RUBRA',,'Slippery Elm','Yes','Late Winter','Spring','No','No','No','Yes',,'http://plants.usda.gov/plantguide/pdf/cs_ulru.pdf',0,,'45',
'VAAN',,'BDS OTHER','Vaccinium angustifolium','Vaccinium','ANGUSTIFOLIUM',,'Lowbush Blueberry','Yes','Early Summer','Summer','No','No','Yes','Yes',,,0,,'1',
'VAAR',,'BDS OTHER','Vaccinium arboreum','Vaccinium','ARBOREUM',,'Farkleberry','Yes','Late Summer','Fall','No','Yes','No','Yes',,,0,,'28',
'VACA6',,'BDS OTHER','Vaccinium caesariense','Vaccinium','CAESARIENSE',,'New Jersey Blueberry','Yes',,,,,,'No',,,0,,,
'VACA11',,'BDS OTHER','Vaccinium xcarolinianum','Vaccinium','CAROLINIANUM',,'Vaccinium Xcarolinianum','Yes',,,,,,'No',,,0,,,
'VACO',,'BDS OTHER','Vaccinium corymbosum','Vaccinium','CORYMBOSUM',,'Highbush Blueberry','Yes','Early Summer','Summer','Yes','No','Yes','Yes','http://plants.usda.gov/factsheet/pdf/fs_vaco.pdf','http://plants.usda.gov/plantguide/pdf/pg_vaco.pdf',0,,'12',
'VACR',,'BDS OTHER','Vaccinium crassifolium','Vaccinium','CRASSIFOLIUM',,'Creeping Blueberry','Yes',,,,,,'No',,,0,,,
'VACRC',,'BDS OTHER','Vaccinium crassifolium ssp. crassifolium','Vaccinium','CRASSIFOLIUM',,'Creeping Blueberry C','Yes',,,,,,'No',,,0,,,
'VADO',,'BDS OTHER','Vaccinium xdobbinii','Vaccinium','DOBBINII',,'Vaccinium Xdobbinii','Yes',,,,,,'No',,,0,,,
'VAEL',,'BDS OTHER','Vaccinium elliottii','Vaccinium','ELLIOTTII',,'Elliott''s Blueberry','Yes','Early Spring','Spring','No','Yes','Yes','Yes',,,0,,'8',
'VAER',,'BDS OTHER','Vaccinium erythrocarpum','Vaccinium','ERYTHROCARPUM',,'Southern Mountain Cranberry','Yes',,,,,,'No',,,0,,,
'VAFO',,'BDS OTHER','Vaccinium formosum','Vaccinium','FORMOSUM',,'Southern Blueberry','Yes',,,,,,'No',,,0,,,
'VAFU',,'BDS OTHER','Vaccinium fuscatum','Vaccinium','FUSCATUM',,'Black Highbush Blueberry','Yes',,,,,,'No',,,0,,,
'VAHI',,'BDS OTHER','Vaccinium hirsutum','Vaccinium','HIRSUTUM',,'Hairy Blueberry','Yes',,,,,,'No',,,0,,,
'VAMA',,'BDS OTHER','Vaccinium macrocarpon','Vaccinium','MACROCARPON',,'Cranberry','Yes',,,,,,'No',,,0,,,
'VAMA3',,'BDS OTHER','Vaccinium xmargarettiae','Vaccinium','MARGARETTIAE',,'Vaccinium Xmargarettiae','Yes',,,,,,'No',,,0,,,
'VAMA2',,'BDS OTHER','Vaccinium xmarianum','Vaccinium','MARIANUM',,'Vaccinium Xmarianum','Yes',,,,,,'No',,,0,,,
'VAMY',,'BDS OTHER','Vaccinium myrtilloides','Vaccinium','MYRTILLOIDES',,'Velvetleaf Huckleberry','Yes',,,,,,'No',,,0,,,
'VAPA4',,'BDS OTHER','Vaccinium pallidum','Vaccinium','PALLIDUM',,'Blue Ridge Blueberry','Yes',,,,,,'No',,,0,,,
'VASI2',,'BDS OTHER','Vaccinium simulatum','Vaccinium','SIMULATUM',,'Upland Highbush Blueberry','Yes',,,,,,'No',,,0,,,
'VAST',,'BDS OTHER','Vaccinium stamineum','Vaccinium','STAMINEUM',,'Deerberry','Yes','Late Summer','Fall','No','Yes','No','Yes',,,0,,'16',
'VATE3',,'BDS OTHER','Vaccinium tenellum','Vaccinium','TENELLUM',,'Small Black Blueberry','Yes',,,,,,'No',,,0,,,
'VAVI2',,'BDS OTHER','Vaccinium virgatum','Vaccinium','VIRGATUM',,'Smallflower Blueberry','Yes',,,,,,'No',,,0,,,
'VIAC',,'BDS OTHER','Viburnum acerifolium','Viburnum','ACERIFOLIUM',,'Mapleleaf Viburnum','Yes','Indeterminate','Fall','Yes','Yes','No','Yes','http://plants.usda.gov/factsheet/pdf/fs_viac.pdf','http://plants.usda.gov/plantguide/pdf/pg_viac.pdf',0,,'6',
'VIDE',,'BDS OTHER','Viburnum dentatum','Viburnum','DENTATUM',,'Southern Arrowwood','Yes',,,,,,'No','http://plants.usda.gov/factsheet/pdf/fs_vide.pdf','http://plants.usda.gov/plantguide/pdf/pg_vide.pdf',0,,,
'VIDED4',,'BDS OTHER','Viburnum dentatum var. dentatum','Viburnum','DENTATUM',,'Southern Arrowwood D','Yes','Early Spring','Fall','Yes','Yes','Yes','No','http://plants.usda.gov/factsheet/pdf/fs_acsa2.pdf/factsheet/pdf/fs_vided4.pdf','http://plants.usda.gov/plantguide/pdf/pg_vided4.pdf',0,,'15',
'VILA11',,'BDS OTHER','Viburnum lantanoides','Viburnum','LANTANOIDES',,'Hobblebush','Yes','Late Spring','Fall','Yes','Yes','No','Yes',,,0,,'10',
'VILE',,'BDS OTHER','Viburnum lentago','Viburnum','LENTAGO',,'Nannyberry','Yes','Late Spring','Fall','Yes','Yes','No','Yes','http://plants.usda.gov/factsheet/pdf/fs_vile.pdf','http://plants.usda.gov/plantguide/pdf/pg_vile.pdf',0,,'28',
'VINU',,,'Viburnum nudum','Viburnum','NUDUM',,'Possumhaw U','Yes',,,,,,'No',,,0,,,
'VINUC',,'BDS OTHER','Viburnum nudum var. cassinoides','Viburnum','NUDUM',,'Withe-rod','Yes','Early Summer','Fall','No','Yes','No','Yes',,,0,,'15',
'VINUN',,,'Viburnum nudum var. nudum','Viburnum','NUDUM',,'Possumhaw N','Yes',,,,,,'No',,,0,,,
'VIPR',,'BDS OTHER','Viburnum prunifolium','Viburnum','PRUNIFOLIUM',,'Blackhaw','Yes','Spring','Fall','Yes','Yes','No','Yes',,,0,,'16',
'VIRA',,'BDS OTHER','Viburnum rafinesqueanum','Viburnum','RAFINESQUEANUM',,'Downy Arrowwood','Yes','Late Spring','Fall','No','Yes','No','Yes',,,0,,'6',
'VIRE7',,'BDS OTHER','Viburnum recognitum','Viburnum','RECOGNITUM',,'Southern Arrowwood 7','Yes',,,,,,'No',,,0,,,
'VIRU',,'BDS OTHER','Viburnum rufidulum','Viburnum','RUFIDULUM',,'Rusty Blackhaw','Yes',,,,,,'No',,,0,,,
'VIAG',,,'Vitex agnus-castus','Vitex','AGNUS-CASTUS',,'Lilac Chastetree','No',,,,,,'No',,,0,,,
'VIAGA',,,'Vitex agnus-castus var. agnus-castus','Vitex','AGNUS',,'Lilac Chastetree A','No',,,,,,'No',,,0,,,
'YUAL',,'PES OTHER','Yucca aloifolia','Yucca','ALOIFOLIA',,'Aloe Yucca','Yes','Early Summer','Winter','No','Yes','Yes','No',,,0,,'20',
'YUGL2',,,'Yucca gloriosa','Yucca','GLORIOSA',,'Moundlily Yucca','Yes',,,,,,'No',,,0,,,
'ZAAM',,,'Zanthoxylum americanum','Zanthoxylum','AMERICANUM',,'Common Pricklyash','Yes',,,,,,'No',,'http://plants.usda.gov/plantguide/pdf/cs_zaam.pdf',0,,,
'ZACL',,,'Zanthoxylum clava-herculis','Zanthoxylum','CLAVA-HERCULIS',,'Hercules'' Club','Yes',,,,,,'No',,,0,,,
'ZEPU3',,,'Zenobia pulverulenta','Zenobia','PULVERULENTA',,'Honeycup','Yes','Early Summer','Fall','No','Yes','No','Yes',,,0,,'6',
