"ID","POINT_X","POINT_Y","SCIENTIFIC","ADDRESS","PLOTTYPE","PLOTLENGTH","PLOTWIDTH","POWERLINE","OWNER","STEWARD","SPONSOR","DATEPLANTED","DIAMETER","HEIGHT","CANOPYHEIGHT","CONDITION","CANOPYCONDITION"
107,-82.53,35.55,Unknown,,Unknown,0,0,False,City of Asheville,City of Asheville,City of Asheville,05/09/2007,0.00,0.00,0,Unknown,Unknown
142,-82.53,35.55,Unknown,,Unknown,0,0,False,City of Asheville,City of Asheville,City of Asheville,05/09/2007,0.00,0.00,0,Unknown,Unknown
150,-82.53,35.55,Unknown,,Unknown,0,0,False,City of Asheville,City of Asheville,City of Asheville,05/09/2007,0.00,0.00,0,Unknown,Unknown
153,-82.53,35.55,Unknown,,Unknown,0,0,False,City of Asheville,City of Asheville,City of Asheville,05/09/2007,0.00,0.00,0,Unknown,Unknown
160,-82.53,35.55,Unknown,,Unknown,0,0,False,City of Asheville,City of Asheville,City of Asheville,05/09/2007,0.00,0.00,0,Unknown,Unknown
162,-82.53,35.55,Unknown,,Unknown,0,0,False,City of Asheville,City of Asheville,City of Asheville,05/09/2007,0.00,0.00,0,Unknown,Unknown
163,-82.53,35.55,Unknown,,Unknown,0,0,False,City of Asheville,City of Asheville,City of Asheville,05/09/2007,0.00,0.00,0,Unknown,Unknown
164,-82.53,35.55,Unknown,,Unknown,0,0,False,City of Asheville,City of Asheville,City of Asheville,05/09/2007,0.00,0.00,0,Unknown,Unknown
165,-82.53,35.55,Unknown,,Unknown,0,0,False,City of Asheville,City of Asheville,City of Asheville,05/09/2007,0.00,0.00,0,Unknown,Unknown
166,-82.53,35.55,Unknown,,Unknown,0,0,False,City of Asheville,City of Asheville,City of Asheville,05/09/2007,0.00,0.00,0,Unknown,Unknown
175,-82.53,35.55,Unknown,,Unknown,0,0,False,City of Asheville,City of Asheville,City of Asheville,05/09/2007,0.00,0.00,0,Unknown,Unknown
178,-82.53,35.55,Unknown,,Unknown,0,0,False,City of Asheville,City of Asheville,City of Asheville,05/09/2007,0.00,0.00,0,Unknown,Unknown
179,-82.53,35.55,Unknown,,Unknown,0,0,False,City of Asheville,City of Asheville,City of Asheville,05/09/2007,0.00,0.00,0,Unknown,Unknown
180,-82.53,35.55,Unknown,,Unknown,0,0,False,City of Asheville,City of Asheville,City of Asheville,05/09/2007,0.00,0.00,0,Unknown,Unknown
181,-82.53,35.55,Unknown,,Unknown,0,0,False,City of Asheville,City of Asheville,City of Asheville,05/09/2007,0.00,0.00,0,Unknown,Unknown
182,-82.53,35.55,Unknown,,Unknown,0,0,False,City of Asheville,City of Asheville,City of Asheville,05/09/2007,0.00,0.00,0,Unknown,Unknown
184,-82.53,35.55,Unknown,,Unknown,0,0,False,City of Asheville,City of Asheville,City of Asheville,05/09/2007,0.00,0.00,0,Unknown,Unknown
185,-82.53,35.55,Unknown,,Unknown,0,0,False,City of Asheville,City of Asheville,City of Asheville,05/09/2007,0.00,0.00,0,Unknown,Unknown
186,-82.53,35.55,Unknown,,Unknown,0,0,False,City of Asheville,City of Asheville,City of Asheville,05/09/2007,0.00,0.00,0,Unknown,Unknown
189,-82.53,35.55,Unknown,,Unknown,0,0,False,City of Asheville,City of Asheville,City of Asheville,05/09/2007,0.00,0.00,0,Unknown,Unknown
190,-82.53,35.55,Unknown,,Unknown,0,0,False,City of Asheville,City of Asheville,City of Asheville,05/09/2007,0.00,0.00,0,Unknown,Unknown
191,-82.53,35.55,Unknown,,Unknown,0,0,False,City of Asheville,City of Asheville,City of Asheville,05/09/2007,0.00,0.00,0,Unknown,Unknown
192,-82.53,35.55,Unknown,,Unknown,0,0,False,City of Asheville,City of Asheville,City of Asheville,05/09/2007,0.00,0.00,0,Unknown,Unknown
193,-82.53,35.55,Unknown,,Unknown,0,0,False,City of Asheville,City of Asheville,City of Asheville,05/09/2007,0.00,0.00,0,Unknown,Unknown
194,-82.53,35.55,Unknown,,Unknown,0,0,False,City of Asheville,City of Asheville,City of Asheville,05/09/2007,0.00,0.00,0,Unknown,Unknown
195,-82.53,35.55,Unknown,,Unknown,0,0,False,City of Asheville,City of Asheville,City of Asheville,05/09/2007,0.00,0.00,0,Unknown,Unknown
196,-82.53,35.55,Unknown,,Unknown,0,0,False,City of Asheville,City of Asheville,City of Asheville,05/09/2007,0.00,0.00,0,Unknown,Unknown
197,-82.53,35.55,Unknown,,Unknown,0,0,False,City of Asheville,City of Asheville,City of Asheville,05/09/2007,0.00,0.00,0,Unknown,Unknown
198,-82.53,35.55,Unknown,,Unknown,0,0,False,City of Asheville,City of Asheville,City of Asheville,05/09/2007,0.00,0.00,0,Unknown,Unknown
199,-82.53,35.55,Unknown,,Unknown,0,0,False,City of Asheville,City of Asheville,City of Asheville,05/09/2007,0.00,0.00,0,Unknown,Unknown
200,-82.53,35.55,Unknown,,Unknown,0,0,False,City of Asheville,City of Asheville,City of Asheville,05/09/2007,0.00,0.00,0,Unknown,Unknown
201,-82.53,35.55,Unknown,,Unknown,0,0,False,City of Asheville,City of Asheville,City of Asheville,05/09/2007,0.00,0.00,0,Unknown,Unknown
202,-82.53,35.55,Unknown,,Unknown,0,0,False,City of Asheville,City of Asheville,City of Asheville,05/09/2007,0.00,0.00,0,Unknown,Unknown
203,-82.53,35.55,Unknown,,Unknown,0,0,False,City of Asheville,City of Asheville,City of Asheville,05/09/2007,0.00,0.00,0,Unknown,Unknown
204,-82.53,35.55,Unknown,,Unknown,0,0,False,City of Asheville,City of Asheville,City of Asheville,05/09/2007,0.00,0.00,0,Unknown,Unknown
205,-82.53,35.55,Unknown,,Unknown,0,0,False,City of Asheville,City of Asheville,City of Asheville,05/09/2007,0.00,0.00,0,Unknown,Unknown
206,-82.53,35.55,Unknown,,Unknown,0,0,False,City of Asheville,City of Asheville,City of Asheville,05/09/2007,0.00,0.00,0,Unknown,Unknown
207,-82.53,35.55,Unknown,,Unknown,0,0,False,City of Asheville,City of Asheville,City of Asheville,05/09/2007,0.00,0.00,0,Unknown,Unknown
208,-82.53,35.55,Unknown,,Unknown,0,0,False,City of Asheville,City of Asheville,City of Asheville,05/09/2007,0.00,0.00,0,Unknown,Unknown
209,-82.53,35.55,Unknown,,Unknown,0,0,False,City of Asheville,City of Asheville,City of Asheville,05/09/2007,0.00,0.00,0,Unknown,Unknown
210,-82.53,35.55,Unknown,,Unknown,0,0,False,City of Asheville,City of Asheville,City of Asheville,05/09/2007,0.00,0.00,0,Unknown,Unknown
211,-82.53,35.55,Unknown,,Unknown,0,0,False,City of Asheville,City of Asheville,City of Asheville,05/09/2007,0.00,0.00,0,Unknown,Unknown
212,-82.53,35.55,Unknown,,Unknown,0,0,False,City of Asheville,City of Asheville,City of Asheville,05/09/2007,0.00,0.00,0,Unknown,Unknown
213,-82.53,35.55,Unknown,,Unknown,0,0,False,City of Asheville,City of Asheville,City of Asheville,05/09/2007,0.00,0.00,0,Unknown,Unknown
214,-82.53,35.55,Unknown,,Unknown,0,0,False,City of Asheville,City of Asheville,City of Asheville,05/09/2007,0.00,0.00,0,Unknown,Unknown
215,-82.53,35.55,Unknown,,Unknown,0,0,False,City of Asheville,City of Asheville,City of Asheville,05/09/2007,0.00,0.00,0,Unknown,Unknown
216,-82.53,35.55,Unknown,,Unknown,0,0,False,City of Asheville,City of Asheville,City of Asheville,05/09/2007,0.00,0.00,0,Unknown,Unknown
217,-82.53,35.55,Unknown,,Unknown,0,0,False,City of Asheville,City of Asheville,City of Asheville,05/09/2007,0.00,0.00,0,Unknown,Unknown
218,-82.53,35.55,Unknown,,Unknown,0,0,False,City of Asheville,City of Asheville,City of Asheville,05/09/2007,0.00,0.00,0,Unknown,Unknown
219,-82.53,35.55,Unknown,,Unknown,0,0,False,City of Asheville,City of Asheville,City of Asheville,05/09/2007,0.00,0.00,0,Unknown,Unknown
220,-82.53,35.55,Unknown,,Unknown,0,0,False,City of Asheville,City of Asheville,City of Asheville,05/09/2007,0.00,0.00,0,Unknown,Unknown
221,-82.53,35.55,Unknown,,Unknown,0,0,False,City of Asheville,City of Asheville,City of Asheville,05/09/2007,0.00,0.00,0,Unknown,Unknown
222,-82.53,35.55,Unknown,,Unknown,0,0,False,City of Asheville,City of Asheville,City of Asheville,05/09/2007,0.00,0.00,0,Unknown,Unknown
223,-82.53,35.55,Unknown,,Unknown,0,0,False,City of Asheville,City of Asheville,City of Asheville,05/09/2007,0.00,0.00,0,Unknown,Unknown
224,-82.53,35.55,Unknown,,Unknown,0,0,False,City of Asheville,City of Asheville,City of Asheville,05/09/2007,0.00,0.00,0,Unknown,Unknown
225,-82.53,35.55,Unknown,,Unknown,0,0,False,City of Asheville,City of Asheville,City of Asheville,05/09/2007,0.00,0.00,0,Unknown,Unknown
226,-82.53,35.55,Unknown,,Unknown,0,0,False,City of Asheville,City of Asheville,City of Asheville,05/09/2007,0.00,0.00,0,Unknown,Unknown
227,-82.53,35.55,Unknown,,Unknown,0,0,False,City of Asheville,City of Asheville,City of Asheville,05/09/2007,0.00,0.00,0,Unknown,Unknown
228,-82.53,35.55,Unknown,,Unknown,0,0,False,City of Asheville,City of Asheville,City of Asheville,05/09/2007,0.00,0.00,0,Unknown,Unknown
229,-82.53,35.55,Unknown,,Unknown,0,0,False,City of Asheville,City of Asheville,City of Asheville,05/09/2007,0.00,0.00,0,Unknown,Unknown
230,-82.53,35.55,Unknown,,Unknown,0,0,False,City of Asheville,City of Asheville,City of Asheville,05/09/2007,0.00,0.00,0,Unknown,Unknown
231,-82.53,35.55,Unknown,,Unknown,0,0,False,City of Asheville,City of Asheville,City of Asheville,05/09/2007,0.00,0.00,0,Unknown,Unknown
232,-82.53,35.55,Unknown,,Unknown,0,0,False,City of Asheville,City of Asheville,City of Asheville,05/09/2007,0.00,0.00,0,Unknown,Unknown
233,-82.53,35.55,Unknown,,Unknown,0,0,False,City of Asheville,City of Asheville,City of Asheville,05/09/2007,0.00,0.00,0,Unknown,Unknown
234,-82.53,35.55,Unknown,,Unknown,0,0,False,City of Asheville,City of Asheville,City of Asheville,05/09/2007,0.00,0.00,0,Unknown,Unknown
235,-82.53,35.55,Unknown,,Unknown,0,0,False,City of Asheville,City of Asheville,City of Asheville,05/09/2007,0.00,0.00,0,Unknown,Unknown
236,-82.53,35.55,Unknown,,Unknown,0,0,False,City of Asheville,City of Asheville,City of Asheville,05/09/2007,0.00,0.00,0,Unknown,Unknown
237,-82.53,35.55,Unknown,,Unknown,0,0,False,City of Asheville,City of Asheville,City of Asheville,05/09/2007,0.00,0.00,0,Unknown,Unknown
238,-82.53,35.55,Unknown,,Unknown,0,0,False,City of Asheville,City of Asheville,City of Asheville,05/09/2007,0.00,0.00,0,Unknown,Unknown
239,-82.53,35.55,Unknown,,Unknown,0,0,False,City of Asheville,City of Asheville,City of Asheville,05/09/2007,0.00,0.00,0,Unknown,Unknown
240,-82.53,35.55,Unknown,,Unknown,0,0,False,City of Asheville,City of Asheville,City of Asheville,05/09/2007,0.00,0.00,0,Unknown,Unknown
241,-82.53,35.55,Unknown,,Unknown,0,0,False,City of Asheville,City of Asheville,City of Asheville,05/09/2007,0.00,0.00,0,Unknown,Unknown
242,-82.53,35.55,Unknown,,Unknown,0,0,False,City of Asheville,City of Asheville,City of Asheville,05/09/2007,0.00,0.00,0,Unknown,Unknown
243,-82.53,35.55,Unknown,,Unknown,0,0,False,City of Asheville,City of Asheville,City of Asheville,05/09/2007,0.00,0.00,0,Unknown,Unknown
244,-82.53,35.55,Unknown,,Unknown,0,0,False,City of Asheville,City of Asheville,City of Asheville,05/09/2007,0.00,0.00,0,Unknown,Unknown
245,-82.53,35.55,Unknown,,Unknown,0,0,False,City of Asheville,City of Asheville,City of Asheville,05/09/2007,0.00,0.00,0,Unknown,Unknown
246,-82.53,35.55,Unknown,,Unknown,0,0,False,City of Asheville,City of Asheville,City of Asheville,05/09/2007,0.00,0.00,0,Unknown,Unknown
247,-82.53,35.55,Unknown,,Unknown,0,0,False,City of Asheville,City of Asheville,City of Asheville,05/09/2007,0.00,0.00,0,Unknown,Unknown
248,-82.53,35.55,Unknown,,Unknown,0,0,False,City of Asheville,City of Asheville,City of Asheville,05/09/2007,0.00,0.00,0,Unknown,Unknown
249,-82.53,35.55,Unknown,,Unknown,0,0,False,City of Asheville,City of Asheville,City of Asheville,05/09/2007,0.00,0.00,0,Unknown,Unknown
250,-82.53,35.55,Unknown,,Unknown,0,0,False,City of Asheville,City of Asheville,City of Asheville,05/09/2007,0.00,0.00,0,Unknown,Unknown
251,-82.53,35.55,Unknown,,Unknown,0,0,False,City of Asheville,City of Asheville,City of Asheville,05/09/2007,0.00,0.00,0,Unknown,Unknown
252,-82.53,35.55,Unknown,,Unknown,0,0,False,City of Asheville,City of Asheville,City of Asheville,05/09/2007,0.00,0.00,0,Unknown,Unknown
253,-82.53,35.55,Unknown,,Unknown,0,0,False,City of Asheville,City of Asheville,City of Asheville,05/09/2007,0.00,0.00,0,Unknown,Unknown
254,-82.53,35.55,Unknown,,Unknown,0,0,False,City of Asheville,City of Asheville,City of Asheville,05/09/2007,0.00,0.00,0,Unknown,Unknown
255,-82.53,35.55,Unknown,,Unknown,0,0,False,City of Asheville,City of Asheville,City of Asheville,05/09/2007,0.00,0.00,0,Unknown,Unknown
256,-82.53,35.55,Unknown,,Unknown,0,0,False,City of Asheville,City of Asheville,City of Asheville,05/09/2007,0.00,0.00,0,Unknown,Unknown
257,-82.53,35.55,Unknown,,Unknown,0,0,False,City of Asheville,City of Asheville,City of Asheville,05/09/2007,0.00,0.00,0,Unknown,Unknown
258,-82.53,35.55,Unknown,,Unknown,0,0,False,City of Asheville,City of Asheville,City of Asheville,05/09/2007,0.00,0.00,0,Unknown,Unknown
259,-82.53,35.55,Unknown,,Unknown,0,0,False,City of Asheville,City of Asheville,City of Asheville,05/09/2007,0.00,0.00,0,Unknown,Unknown
260,-82.53,35.55,Unknown,,Unknown,0,0,False,City of Asheville,City of Asheville,City of Asheville,05/09/2007,0.00,0.00,0,Unknown,Unknown
261,-82.53,35.55,Unknown,,Unknown,0,0,False,City of Asheville,City of Asheville,City of Asheville,05/09/2007,0.00,0.00,0,Unknown,Unknown
262,-82.53,35.55,Unknown,,Unknown,0,0,False,City of Asheville,City of Asheville,City of Asheville,05/09/2007,0.00,0.00,0,Unknown,Unknown
263,-82.53,35.55,Unknown,,Unknown,0,0,False,City of Asheville,City of Asheville,City of Asheville,05/09/2007,0.00,0.00,0,Unknown,Unknown
264,-82.53,35.55,Unknown,,Unknown,0,0,False,City of Asheville,City of Asheville,City of Asheville,05/09/2007,0.00,0.00,0,Unknown,Unknown
265,-82.53,35.55,Unknown,,Unknown,0,0,False,City of Asheville,City of Asheville,City of Asheville,05/09/2007,0.00,0.00,0,Unknown,Unknown
266,-82.53,35.55,Unknown,,Unknown,0,0,False,City of Asheville,City of Asheville,City of Asheville,05/09/2007,0.00,0.00,0,Unknown,Unknown
267,-82.53,35.55,Unknown,,Unknown,0,0,False,City of Asheville,City of Asheville,City of Asheville,05/09/2007,0.00,0.00,0,Unknown,Unknown
268,-82.53,35.55,Unknown,,Unknown,0,0,False,City of Asheville,City of Asheville,City of Asheville,05/09/2007,0.00,0.00,0,Unknown,Unknown
269,-82.53,35.55,Unknown,,Unknown,0,0,False,City of Asheville,City of Asheville,City of Asheville,05/09/2007,0.00,0.00,0,Unknown,Unknown
270,-82.53,35.55,Unknown,,Unknown,0,0,False,City of Asheville,City of Asheville,City of Asheville,05/09/2007,0.00,0.00,0,Unknown,Unknown
271,-82.53,35.55,Unknown,,Unknown,0,0,False,City of Asheville,City of Asheville,City of Asheville,05/09/2007,0.00,0.00,0,Unknown,Unknown
272,-82.53,35.55,Unknown,,Unknown,0,0,False,City of Asheville,City of Asheville,City of Asheville,05/09/2007,0.00,0.00,0,Unknown,Unknown
273,-82.53,35.55,Unknown,,Unknown,0,0,False,City of Asheville,City of Asheville,City of Asheville,05/09/2007,0.00,0.00,0,Unknown,Unknown
274,-82.53,35.55,Unknown,,Unknown,0,0,False,City of Asheville,City of Asheville,City of Asheville,05/09/2007,0.00,0.00,0,Unknown,Unknown
275,-82.53,35.55,Unknown,,Unknown,0,0,False,City of Asheville,City of Asheville,City of Asheville,05/09/2007,0.00,0.00,0,Unknown,Unknown
276,-82.53,35.55,Unknown,,Unknown,0,0,False,City of Asheville,City of Asheville,City of Asheville,05/09/2007,0.00,0.00,0,Unknown,Unknown
277,-82.53,35.55,Unknown,,Unknown,0,0,False,City of Asheville,City of Asheville,City of Asheville,05/09/2007,0.00,0.00,0,Unknown,Unknown
278,-82.53,35.55,Unknown,,Unknown,0,0,False,City of Asheville,City of Asheville,City of Asheville,05/09/2007,0.00,0.00,0,Unknown,Unknown
279,-82.53,35.55,Unknown,,Unknown,0,0,False,City of Asheville,City of Asheville,City of Asheville,05/09/2007,0.00,0.00,0,Unknown,Unknown
280,-82.53,35.55,Unknown,,Unknown,0,0,False,City of Asheville,City of Asheville,City of Asheville,05/09/2007,0.00,0.00,0,Unknown,Unknown
283,-82.53,35.55,Unknown,,Unknown,0,0,False,City of Asheville,City of Asheville,City of Asheville,05/09/2007,0.00,0.00,0,Unknown,Unknown
302,-82.53,35.55,Unknown,,Unknown,0,0,False,City of Asheville,City of Asheville,City of Asheville,05/09/2007,0.00,0.00,0,Unknown,Unknown
303,-82.53,35.55,Unknown,,Unknown,0,0,False,City of Asheville,City of Asheville,City of Asheville,05/09/2007,0.00,0.00,0,Unknown,Unknown
304,-82.53,35.55,Unknown,,Unknown,0,0,False,City of Asheville,City of Asheville,City of Asheville,05/09/2007,0.00,0.00,0,Unknown,Unknown
305,-82.53,35.55,Unknown,,Unknown,0,0,False,City of Asheville,City of Asheville,City of Asheville,05/09/2007,0.00,0.00,0,Unknown,Unknown
306,-82.53,35.55,Unknown,,Unknown,0,0,False,City of Asheville,City of Asheville,City of Asheville,05/09/2007,0.00,0.00,0,Unknown,Unknown
307,-82.53,35.55,Unknown,,Unknown,0,0,False,City of Asheville,City of Asheville,City of Asheville,05/09/2007,0.00,0.00,0,Unknown,Unknown
308,-82.53,35.55,Unknown,,Unknown,0,0,False,City of Asheville,City of Asheville,City of Asheville,05/09/2007,0.00,0.00,0,Unknown,Unknown
309,-82.53,35.55,Unknown,,Unknown,0,0,False,City of Asheville,City of Asheville,City of Asheville,05/09/2007,0.00,0.00,0,Unknown,Unknown
310,-82.53,35.55,Unknown,,Unknown,0,0,False,City of Asheville,City of Asheville,City of Asheville,05/09/2007,0.00,0.00,0,Unknown,Unknown
311,-82.53,35.55,Unknown,,Unknown,0,0,False,City of Asheville,City of Asheville,City of Asheville,05/09/2007,0.00,0.00,0,Unknown,Unknown
312,-82.53,35.55,Unknown,,Unknown,0,0,False,City of Asheville,City of Asheville,City of Asheville,05/09/2007,0.00,0.00,0,Unknown,Unknown
313,-82.53,35.55,Unknown,,Unknown,0,0,False,City of Asheville,City of Asheville,City of Asheville,05/09/2007,0.00,0.00,0,Unknown,Unknown
314,-82.53,35.55,Unknown,,Unknown,0,0,False,City of Asheville,City of Asheville,City of Asheville,05/09/2007,0.00,0.00,0,Unknown,Unknown
315,-82.53,35.55,Unknown,,Unknown,0,0,False,City of Asheville,City of Asheville,City of Asheville,05/09/2007,0.00,0.00,0,Unknown,Unknown
316,-82.53,35.55,Unknown,,Unknown,0,0,False,City of Asheville,City of Asheville,City of Asheville,05/09/2007,0.00,0.00,0,Unknown,Unknown
317,-82.53,35.55,Unknown,,Unknown,0,0,False,City of Asheville,City of Asheville,City of Asheville,05/09/2007,0.00,0.00,0,Unknown,Unknown
322,-82.53,35.55,Unknown,,Unknown,0,0,False,City of Asheville,City of Asheville,City of Asheville,05/09/2007,0.00,0.00,0,Unknown,Unknown
331,-82.53,35.55,Unknown,,Unknown,0,0,False,City of Asheville,City of Asheville,City of Asheville,05/09/2007,0.00,0.00,0,Unknown,Unknown
332,-82.53,35.55,Unknown,,Unknown,0,0,False,City of Asheville,City of Asheville,City of Asheville,05/09/2007,0.00,0.00,0,Unknown,Unknown
333,-82.53,35.55,Unknown,,Unknown,0,0,False,City of Asheville,City of Asheville,City of Asheville,05/09/2007,0.00,0.00,0,Unknown,Unknown
334,-82.53,35.55,Unknown,,Unknown,0,0,False,City of Asheville,City of Asheville,City of Asheville,05/09/2007,0.00,0.00,0,Unknown,Unknown
335,-82.53,35.55,Unknown,,Unknown,0,0,False,City of Asheville,City of Asheville,City of Asheville,05/09/2007,0.00,0.00,0,Unknown,Unknown
336,-82.53,35.55,Unknown,,Unknown,0,0,False,City of Asheville,City of Asheville,City of Asheville,05/09/2007,0.00,0.00,0,Unknown,Unknown
337,-82.53,35.55,Unknown,,Unknown,0,0,False,City of Asheville,City of Asheville,City of Asheville,05/09/2007,0.00,0.00,0,Unknown,Unknown
338,-82.53,35.55,Unknown,,Unknown,0,0,False,City of Asheville,City of Asheville,City of Asheville,05/09/2007,0.00,0.00,0,Unknown,Unknown
339,-82.53,35.55,Unknown,,Unknown,0,0,False,City of Asheville,City of Asheville,City of Asheville,05/09/2007,0.00,0.00,0,Unknown,Unknown
340,-82.53,35.55,Unknown,,Unknown,0,0,False,City of Asheville,City of Asheville,City of Asheville,05/09/2007,0.00,0.00,0,Unknown,Unknown
341,-82.53,35.55,Unknown,,Unknown,0,0,False,City of Asheville,City of Asheville,City of Asheville,05/09/2007,0.00,0.00,0,Unknown,Unknown
342,-82.53,35.55,Unknown,,Unknown,0,0,False,City of Asheville,City of Asheville,City of Asheville,05/09/2007,0.00,0.00,0,Unknown,Unknown
343,-82.53,35.55,Unknown,,Unknown,0,0,False,City of Asheville,City of Asheville,City of Asheville,05/09/2007,0.00,0.00,0,Unknown,Unknown
344,-82.53,35.55,Unknown,,Unknown,0,0,False,City of Asheville,City of Asheville,City of Asheville,05/09/2007,0.00,0.00,0,Unknown,Unknown
345,-82.53,35.55,Unknown,,Unknown,0,0,False,City of Asheville,City of Asheville,City of Asheville,05/09/2007,0.00,0.00,0,Unknown,Unknown
346,-82.53,35.55,Unknown,,Unknown,0,0,False,City of Asheville,City of Asheville,City of Asheville,05/09/2007,0.00,0.00,0,Unknown,Unknown
347,-82.53,35.55,Unknown,,Unknown,0,0,False,City of Asheville,City of Asheville,City of Asheville,05/09/2007,0.00,0.00,0,Unknown,Unknown
348,-82.53,35.55,Unknown,,Unknown,0,0,False,City of Asheville,City of Asheville,City of Asheville,05/09/2007,0.00,0.00,0,Unknown,Unknown
349,-82.53,35.55,Unknown,,Unknown,0,0,False,City of Asheville,City of Asheville,City of Asheville,05/09/2007,0.00,0.00,0,Unknown,Unknown
351,-82.53,35.55,Unknown,,Unknown,0,0,False,City of Asheville,City of Asheville,City of Asheville,05/09/2007,0.00,0.00,0,Unknown,Unknown
352,-82.53,35.55,Unknown,,Unknown,0,0,False,City of Asheville,City of Asheville,City of Asheville,05/09/2007,0.00,0.00,0,Unknown,Unknown
353,-82.53,35.55,Unknown,,Unknown,0,0,False,City of Asheville,City of Asheville,City of Asheville,05/09/2007,0.00,0.00,0,Unknown,Unknown
354,-82.53,35.55,Unknown,,Unknown,0,0,False,City of Asheville,City of Asheville,City of Asheville,05/09/2007,0.00,0.00,0,Unknown,Unknown
355,-82.53,35.55,Unknown,,Unknown,0,0,False,City of Asheville,City of Asheville,City of Asheville,05/09/2007,0.00,0.00,0,Unknown,Unknown
356,-82.53,35.55,Unknown,,Unknown,0,0,False,City of Asheville,City of Asheville,City of Asheville,05/09/2007,0.00,0.00,0,Unknown,Unknown
357,-82.53,35.55,Unknown,,Unknown,0,0,False,City of Asheville,City of Asheville,City of Asheville,05/09/2007,0.00,0.00,0,Unknown,Unknown
358,-82.53,35.55,Unknown,,Unknown,0,0,False,City of Asheville,City of Asheville,City of Asheville,05/09/2007,0.00,0.00,0,Unknown,Unknown
359,-82.53,35.55,Unknown,,Unknown,0,0,False,City of Asheville,City of Asheville,City of Asheville,05/09/2007,0.00,0.00,0,Unknown,Unknown
360,-82.53,35.55,Unknown,,Unknown,0,0,False,City of Asheville,City of Asheville,City of Asheville,05/09/2007,0.00,0.00,0,Unknown,Unknown
361,-82.53,35.55,Unknown,,Unknown,0,0,False,City of Asheville,City of Asheville,City of Asheville,05/09/2007,0.00,0.00,0,Unknown,Unknown
371,-82.53,35.54,Unknown,,Unknown,0,0,False,City of Asheville,City of Asheville,City of Asheville,05/09/2007,0.00,0.00,0,Unknown,Unknown
375,-82.53,35.54,Unknown,,Unknown,0,0,False,City of Asheville,City of Asheville,City of Asheville,05/09/2007,0.00,0.00,0,Unknown,Unknown
384,-82.53,35.54,Unknown,,Unknown,0,0,False,City of Asheville,City of Asheville,City of Asheville,05/09/2007,0.00,0.00,0,Unknown,Unknown
385,-82.53,35.54,Unknown,,Unknown,0,0,False,City of Asheville,City of Asheville,City of Asheville,05/09/2007,0.00,0.00,0,Unknown,Unknown
395,-82.53,35.54,Unknown,,Unknown,0,0,False,City of Asheville,City of Asheville,City of Asheville,05/09/2007,0.00,0.00,0,Unknown,Unknown
398,-82.53,35.54,Unknown,,Unknown,0,0,False,City of Asheville,City of Asheville,City of Asheville,05/09/2007,0.00,0.00,0,Unknown,Unknown
399,-82.53,35.54,Unknown,,Unknown,0,0,False,City of Asheville,City of Asheville,City of Asheville,05/09/2007,0.00,0.00,0,Unknown,Unknown
496,-82.52,35.53,Unknown,,Unknown,0,0,False,City of Asheville,City of Asheville,City of Asheville,05/09/2007,0.00,0.00,0,Unknown,Unknown
497,-82.52,35.53,Unknown,,Unknown,0,0,False,City of Asheville,City of Asheville,City of Asheville,05/09/2007,0.00,0.00,0,Unknown,Unknown
515,-82.52,35.53,Unknown,,Unknown,0,0,False,City of Asheville,City of Asheville,City of Asheville,05/09/2007,0.00,0.00,0,Unknown,Unknown
559,-82.52,35.54,Unknown,,Unknown,0,0,False,City of Asheville,City of Asheville,City of Asheville,05/09/2007,0.00,0.00,0,Unknown,Unknown
601,-82.52,35.53,Unknown,,Unknown,0,0,False,City of Asheville,City of Asheville,City of Asheville,05/09/2007,0.00,0.00,0,Unknown,Unknown
613,-82.52,35.50,Unknown,,Unknown,0,0,False,City of Asheville,City of Asheville,City of Asheville,05/09/2007,0.00,0.00,0,Unknown,Unknown
638,-82.52,35.50,Unknown,,Unknown,0,0,False,City of Asheville,City of Asheville,City of Asheville,05/09/2007,0.00,0.00,0,Unknown,Unknown
647,-82.52,35.50,Unknown,,Unknown,0,0,False,City of Asheville,City of Asheville,City of Asheville,05/09/2007,13.00,30.00,0,Unknown,Unknown
648,-82.52,35.50,Unknown,,Unknown,0,0,False,City of Asheville,City of Asheville,City of Asheville,05/09/2007,10.00,28.00,0,Unknown,Unknown
654,-82.52,35.50,Unknown,,Unknown,0,0,False,City of Asheville,City of Asheville,City of Asheville,05/09/2007,0.00,0.00,0,Unknown,Unknown
675,-82.51,35.51,Unknown,,Unknown,0,0,False,City of Asheville,City of Asheville,City of Asheville,05/09/2007,0.00,0.00,0,Unknown,Unknown
698,-82.51,35.51,Unknown,,Unknown,0,0,False,City of Asheville,City of Asheville,City of Asheville,05/09/2007,0.00,0.00,0,Unknown,Unknown
699,-82.51,35.51,Unknown,,Unknown,0,0,False,City of Asheville,City of Asheville,City of Asheville,05/09/2007,0.00,0.00,0,Unknown,Unknown
729,-82.51,35.51,Unknown,,Unknown,0,0,False,City of Asheville,City of Asheville,City of Asheville,05/09/2007,0.00,0.00,0,Unknown,Unknown
815,-82.51,35.51,Unknown,,Unknown,0,0,False,City of Asheville,City of Asheville,City of Asheville,05/09/2007,0.00,0.00,0,Unknown,Unknown
820,-82.51,35.51,Unknown,,Unknown,0,0,False,City of Asheville,City of Asheville,City of Asheville,05/09/2007,0.00,0.00,0,Unknown,Unknown
823,-82.51,35.51,Unknown,,Unknown,0,0,False,City of Asheville,City of Asheville,City of Asheville,05/09/2007,0.00,0.00,0,Unknown,Unknown
849,-82.51,35.51,Unknown,,Unknown,0,0,False,City of Asheville,City of Asheville,City of Asheville,05/09/2007,0.00,0.00,0,Unknown,Unknown
888,-82.52,35.49,Unknown,,Unknown,0,0,False,City of Asheville,City of Asheville,City of Asheville,05/09/2007,0.00,0.00,0,Unknown,Unknown
889,-82.52,35.49,Unknown,,Unknown,0,0,False,City of Asheville,City of Asheville,City of Asheville,05/09/2007,0.00,0.00,0,Unknown,Unknown
890,-82.52,35.49,Unknown,,Unknown,0,0,False,City of Asheville,City of Asheville,City of Asheville,05/09/2007,0.00,0.00,0,Unknown,Unknown
891,-82.52,35.49,Unknown,,Unknown,0,0,False,City of Asheville,City of Asheville,City of Asheville,05/09/2007,0.00,0.00,0,Unknown,Unknown
892,-82.52,35.49,Unknown,,Unknown,0,0,False,City of Asheville,City of Asheville,City of Asheville,05/09/2007,0.00,0.00,0,Unknown,Unknown
893,-82.52,35.49,Unknown,,Unknown,0,0,False,City of Asheville,City of Asheville,City of Asheville,05/09/2007,0.00,0.00,0,Unknown,Unknown
894,-82.52,35.49,Unknown,,Unknown,0,0,False,City of Asheville,City of Asheville,City of Asheville,05/09/2007,0.00,0.00,0,Unknown,Unknown
895,-82.52,35.49,Unknown,,Unknown,0,0,False,City of Asheville,City of Asheville,City of Asheville,05/09/2007,0.00,0.00,0,Unknown,Unknown
896,-82.52,35.49,Unknown,,Unknown,0,0,False,City of Asheville,City of Asheville,City of Asheville,05/09/2007,0.00,0.00,0,Unknown,Unknown
897,-82.52,35.49,Unknown,,Unknown,0,0,False,City of Asheville,City of Asheville,City of Asheville,05/09/2007,0.00,0.00,0,Unknown,Unknown
898,-82.52,35.49,Unknown,,Unknown,0,0,False,City of Asheville,City of Asheville,City of Asheville,05/09/2007,0.00,0.00,0,Unknown,Unknown
899,-82.52,35.49,Unknown,,Unknown,0,0,False,City of Asheville,City of Asheville,City of Asheville,05/09/2007,0.00,0.00,0,Unknown,Unknown
900,-82.52,35.49,Unknown,,Unknown,0,0,False,City of Asheville,City of Asheville,City of Asheville,05/09/2007,0.00,0.00,0,Unknown,Unknown
901,-82.52,35.49,Unknown,,Unknown,0,0,False,City of Asheville,City of Asheville,City of Asheville,05/09/2007,0.00,0.00,0,Unknown,Unknown
902,-82.52,35.49,Unknown,,Unknown,0,0,False,City of Asheville,City of Asheville,City of Asheville,05/09/2007,0.00,0.00,0,Unknown,Unknown
903,-82.52,35.49,Unknown,,Unknown,0,0,False,City of Asheville,City of Asheville,City of Asheville,05/09/2007,0.00,0.00,0,Unknown,Unknown
904,-82.52,35.49,Unknown,,Unknown,0,0,False,City of Asheville,City of Asheville,City of Asheville,05/09/2007,0.00,0.00,0,Unknown,Unknown
905,-82.52,35.49,Unknown,,Unknown,0,0,False,City of Asheville,City of Asheville,City of Asheville,05/09/2007,0.00,0.00,0,Unknown,Unknown
906,-82.52,35.49,Unknown,,Unknown,0,0,False,City of Asheville,City of Asheville,City of Asheville,05/09/2007,0.00,0.00,0,Unknown,Unknown
907,-82.52,35.49,Unknown,,Unknown,0,0,False,City of Asheville,City of Asheville,City of Asheville,05/09/2007,0.00,0.00,0,Unknown,Unknown
918,-82.52,35.49,Unknown,,Unknown,0,0,False,City of Asheville,City of Asheville,City of Asheville,05/09/2007,0.00,0.00,0,Unknown,Unknown
922,-82.52,35.49,Unknown,,Unknown,0,0,False,City of Asheville,City of Asheville,City of Asheville,05/09/2007,0.00,0.00,0,Unknown,Unknown
924,-82.52,35.49,Unknown,,Unknown,0,0,False,City of Asheville,City of Asheville,City of Asheville,05/09/2007,0.00,0.00,0,Unknown,Unknown
930,-82.52,35.49,Unknown,,Unknown,0,0,False,City of Asheville,City of Asheville,City of Asheville,05/09/2007,0.00,0.00,0,Unknown,Unknown
933,-82.52,35.49,Unknown,,Unknown,0,0,False,City of Asheville,City of Asheville,City of Asheville,05/09/2007,0.00,0.00,0,Unknown,Unknown
935,-82.52,35.49,Unknown,,Unknown,0,0,False,City of Asheville,City of Asheville,City of Asheville,05/09/2007,0.00,0.00,0,Unknown,Unknown
936,-82.52,35.49,Unknown,,Unknown,0,0,False,City of Asheville,City of Asheville,City of Asheville,05/09/2007,0.00,0.00,0,Unknown,Unknown
940,-82.52,35.49,Unknown,,Unknown,0,0,False,City of Asheville,City of Asheville,City of Asheville,05/09/2007,0.00,0.00,0,Unknown,Unknown
961,-82.52,35.49,Unknown,,Unknown,0,0,False,City of Asheville,City of Asheville,City of Asheville,05/09/2007,0.00,0.00,0,Unknown,Unknown
964,-82.52,35.49,Unknown,,Unknown,0,0,False,City of Asheville,City of Asheville,City of Asheville,05/09/2007,0.00,0.00,0,Unknown,Unknown
1027,-82.52,35.49,Unknown,,Unknown,0,0,False,City of Asheville,City of Asheville,City of Asheville,05/09/2007,0.00,0.00,0,Unknown,Unknown
1031,-82.52,35.49,Unknown,,Unknown,0,0,False,City of Asheville,City of Asheville,City of Asheville,05/09/2007,0.00,0.00,0,Unknown,Unknown
1046,-82.52,35.49,Unknown,,Unknown,0,0,False,City of Asheville,City of Asheville,City of Asheville,05/09/2007,0.00,0.00,0,Unknown,Unknown
1050,-82.52,35.49,Unknown,,Unknown,0,0,False,City of Asheville,City of Asheville,City of Asheville,05/09/2007,0.00,0.00,0,Unknown,Unknown
1061,-82.53,35.49,Unknown,,Unknown,0,0,False,City of Asheville,City of Asheville,City of Asheville,05/09/2007,0.00,0.00,0,Unknown,Unknown
1065,-82.53,35.49,Unknown,,Unknown,0,0,False,City of Asheville,City of Asheville,City of Asheville,05/09/2007,0.00,0.00,0,Unknown,Unknown
1067,-82.53,35.49,Unknown,,Unknown,0,0,False,City of Asheville,City of Asheville,City of Asheville,05/09/2007,0.00,0.00,0,Unknown,Unknown
1082,-82.52,35.49,Unknown,,Unknown,0,0,False,City of Asheville,City of Asheville,City of Asheville,05/09/2007,0.00,0.00,0,Unknown,Unknown
1085,-82.52,35.49,Unknown,,Unknown,0,0,False,City of Asheville,City of Asheville,City of Asheville,05/09/2007,0.00,0.00,0,Unknown,Unknown
1087,-82.52,35.49,Unknown,,Unknown,0,0,False,City of Asheville,City of Asheville,City of Asheville,05/09/2007,0.00,0.00,0,Unknown,Unknown
1092,-82.52,35.49,Unknown,,Unknown,0,0,False,City of Asheville,City of Asheville,City of Asheville,05/09/2007,0.00,0.00,0,Unknown,Unknown
1093,-82.52,35.49,Unknown,,Unknown,0,0,False,City of Asheville,City of Asheville,City of Asheville,05/09/2007,0.00,0.00,0,Unknown,Unknown
1101,-82.52,35.49,Unknown,,Unknown,0,0,False,City of Asheville,City of Asheville,City of Asheville,05/09/2007,0.00,0.00,0,Unknown,Unknown
1129,-82.52,35.49,Unknown,,Unknown,0,0,False,City of Asheville,City of Asheville,City of Asheville,05/09/2007,0.00,0.00,0,Unknown,Unknown
1134,-82.52,35.49,Unknown,,Unknown,0,0,False,City of Asheville,City of Asheville,City of Asheville,05/09/2007,0.00,0.00,0,Unknown,Unknown
1135,-82.52,35.49,Unknown,,Unknown,0,0,False,City of Asheville,City of Asheville,City of Asheville,05/09/2007,0.00,0.00,0,Unknown,Unknown
1136,-82.52,35.49,Unknown,,Unknown,0,0,False,City of Asheville,City of Asheville,City of Asheville,05/09/2007,0.00,0.00,0,Unknown,Unknown
1143,-82.52,35.49,Unknown,,Unknown,0,0,False,City of Asheville,City of Asheville,City of Asheville,05/09/2007,0.00,0.00,0,Unknown,Unknown
1149,-82.52,35.49,Unknown,,Unknown,0,0,False,City of Asheville,City of Asheville,City of Asheville,05/09/2007,0.00,0.00,0,Unknown,Unknown
1168,-82.53,35.49,Unknown,,Unknown,0,0,False,City of Asheville,City of Asheville,City of Asheville,05/09/2007,0.00,0.00,0,Unknown,Unknown
1171,-82.53,35.49,Unknown,,Unknown,0,0,False,City of Asheville,City of Asheville,City of Asheville,05/09/2007,0.00,0.00,0,Unknown,Unknown
1180,-82.53,35.49,Unknown,,Unknown,0,0,False,City of Asheville,City of Asheville,City of Asheville,05/09/2007,0.00,0.00,0,Unknown,Unknown
1213,-82.53,35.49,Unknown,,Unknown,0,0,False,City of Asheville,City of Asheville,City of Asheville,05/09/2007,0.00,0.00,0,Unknown,Unknown
1216,-82.53,35.49,Unknown,,Unknown,0,0,False,City of Asheville,City of Asheville,City of Asheville,05/09/2007,0.00,0.00,0,Unknown,Unknown
1229,-82.53,35.49,Unknown,,Unknown,0,0,False,City of Asheville,City of Asheville,City of Asheville,05/09/2007,0.00,0.00,0,Unknown,Unknown
1241,-82.53,35.49,Unknown,,Unknown,0,0,False,City of Asheville,City of Asheville,City of Asheville,05/09/2007,0.00,0.00,0,Unknown,Unknown
1243,-82.53,35.49,Unknown,,Unknown,0,0,False,City of Asheville,City of Asheville,City of Asheville,05/09/2007,0.00,0.00,0,Unknown,Unknown
1257,-82.53,35.49,Unknown,,Unknown,0,0,False,City of Asheville,City of Asheville,City of Asheville,05/09/2007,0.00,0.00,0,Unknown,Unknown
1274,-82.53,35.49,Unknown,,Unknown,0,0,False,City of Asheville,City of Asheville,City of Asheville,05/09/2007,0.00,0.00,0,Unknown,Unknown
1279,-82.53,35.49,Unknown,,Unknown,0,0,False,City of Asheville,City of Asheville,City of Asheville,05/09/2007,0.00,0.00,0,Unknown,Unknown
1296,-82.53,35.49,Unknown,,Unknown,0,0,False,City of Asheville,City of Asheville,City of Asheville,05/09/2007,0.00,0.00,0,Unknown,Unknown
1298,-82.53,35.49,Unknown,,Unknown,0,0,False,City of Asheville,City of Asheville,City of Asheville,05/09/2007,0.00,0.00,0,Unknown,Unknown
1304,-82.53,35.49,Unknown,,Unknown,0,0,False,City of Asheville,City of Asheville,City of Asheville,05/09/2007,0.00,0.00,0,Unknown,Unknown
1306,-82.53,35.49,Unknown,,Unknown,0,0,False,City of Asheville,City of Asheville,City of Asheville,05/09/2007,0.00,0.00,0,Unknown,Unknown
1312,-82.53,35.49,Unknown,,Unknown,0,0,False,City of Asheville,City of Asheville,City of Asheville,05/09/2007,0.00,0.00,0,Unknown,Unknown
1313,-82.53,35.49,Unknown,,Unknown,0,0,False,City of Asheville,City of Asheville,City of Asheville,05/09/2007,0.00,0.00,0,Unknown,Unknown
1319,-82.52,35.49,Unknown,,Unknown,0,0,False,City of Asheville,City of Asheville,City of Asheville,05/09/2007,0.00,0.00,0,Unknown,Unknown
1343,-82.52,35.49,Unknown,,Unknown,0,0,False,City of Asheville,City of Asheville,City of Asheville,05/09/2007,0.00,0.00,0,Unknown,Unknown
1346,-82.52,35.49,Unknown,,Unknown,0,0,False,City of Asheville,City of Asheville,City of Asheville,05/09/2007,0.00,0.00,0,Unknown,Unknown
1347,-82.52,35.49,Unknown,,Unknown,0,0,False,City of Asheville,City of Asheville,City of Asheville,05/09/2007,0.00,0.00,0,Unknown,Unknown
1348,-82.52,35.49,Unknown,,Unknown,0,0,False,City of Asheville,City of Asheville,City of Asheville,05/09/2007,0.00,0.00,0,Unknown,Unknown
1356,-82.52,35.49,Unknown,,Unknown,0,0,False,City of Asheville,City of Asheville,City of Asheville,05/09/2007,0.00,0.00,0,Unknown,Unknown
1357,-82.52,35.49,Unknown,,Unknown,0,0,False,City of Asheville,City of Asheville,City of Asheville,05/09/2007,0.00,0.00,0,Unknown,Unknown
1360,-82.52,35.49,Unknown,,Unknown,0,0,False,City of Asheville,City of Asheville,City of Asheville,05/09/2007,0.00,0.00,0,Unknown,Unknown
1362,-82.52,35.49,Unknown,,Unknown,0,0,False,City of Asheville,City of Asheville,City of Asheville,05/09/2007,0.00,0.00,0,Unknown,Unknown
1364,-82.52,35.49,Unknown,,Unknown,0,0,False,City of Asheville,City of Asheville,City of Asheville,05/09/2007,0.00,0.00,0,Unknown,Unknown
1381,-82.52,35.49,Unknown,,Unknown,0,0,False,City of Asheville,City of Asheville,City of Asheville,05/09/2007,0.00,0.00,0,Unknown,Unknown
1386,-82.52,35.49,Unknown,,Unknown,0,0,False,City of Asheville,City of Asheville,City of Asheville,05/09/2007,0.00,0.00,0,Unknown,Unknown
1389,-82.52,35.49,Unknown,,Unknown,0,0,False,City of Asheville,City of Asheville,City of Asheville,05/09/2007,0.00,0.00,0,Unknown,Unknown
1393,-82.52,35.49,Unknown,,Unknown,0,0,False,City of Asheville,City of Asheville,City of Asheville,05/09/2007,0.00,0.00,0,Unknown,Unknown
1399,-82.52,35.49,Unknown,,Unknown,0,0,False,City of Asheville,City of Asheville,City of Asheville,05/09/2007,0.00,0.00,0,Unknown,Unknown
1403,-82.52,35.49,Unknown,,Unknown,0,0,False,City of Asheville,City of Asheville,City of Asheville,05/09/2007,0.00,0.00,0,Unknown,Unknown
1404,-82.52,35.49,Unknown,,Unknown,0,0,False,City of Asheville,City of Asheville,City of Asheville,05/09/2007,0.00,0.00,0,Unknown,Unknown
1405,-82.52,35.49,Unknown,,Unknown,0,0,False,City of Asheville,City of Asheville,City of Asheville,05/09/2007,0.00,0.00,0,Unknown,Unknown
1408,-82.52,35.49,Unknown,,Unknown,0,0,False,City of Asheville,City of Asheville,City of Asheville,05/09/2007,0.00,0.00,0,Unknown,Unknown
1410,-82.52,35.49,Unknown,,Unknown,0,0,False,City of Asheville,City of Asheville,City of Asheville,05/09/2007,0.00,0.00,0,Unknown,Unknown
1411,-82.52,35.49,Unknown,,Unknown,0,0,False,City of Asheville,City of Asheville,City of Asheville,05/09/2007,0.00,0.00,0,Unknown,Unknown
1414,-82.52,35.49,Unknown,,Unknown,0,0,False,City of Asheville,City of Asheville,City of Asheville,05/09/2007,0.00,0.00,0,Unknown,Unknown
1415,-82.52,35.49,Unknown,,Unknown,0,0,False,City of Asheville,City of Asheville,City of Asheville,05/09/2007,0.00,0.00,0,Unknown,Unknown
1416,-82.52,35.49,Unknown,,Unknown,0,0,False,City of Asheville,City of Asheville,City of Asheville,05/09/2007,0.00,0.00,0,Unknown,Unknown
1418,-82.52,35.49,Unknown,,Unknown,0,0,False,City of Asheville,City of Asheville,City of Asheville,05/09/2007,0.00,0.00,0,Unknown,Unknown
1419,-82.52,35.49,Unknown,,Unknown,0,0,False,City of Asheville,City of Asheville,City of Asheville,05/09/2007,0.00,0.00,0,Unknown,Unknown
1420,-82.52,35.49,Unknown,,Unknown,0,0,False,City of Asheville,City of Asheville,City of Asheville,05/09/2007,0.00,0.00,0,Unknown,Unknown
1421,-82.52,35.49,Unknown,,Unknown,0,0,False,City of Asheville,City of Asheville,City of Asheville,05/09/2007,0.00,0.00,0,Unknown,Unknown
1422,-82.52,35.49,Unknown,,Unknown,0,0,False,City of Asheville,City of Asheville,City of Asheville,05/09/2007,0.00,0.00,0,Unknown,Unknown
1441,-82.52,35.49,Unknown,,Unknown,0,0,False,City of Asheville,City of Asheville,City of Asheville,05/09/2007,0.00,0.00,0,Unknown,Unknown
1471,-82.52,35.49,Unknown,,Unknown,0,0,False,City of Asheville,City of Asheville,City of Asheville,05/09/2007,0.00,0.00,0,Unknown,Unknown
1496,-82.52,35.49,Unknown,,Unknown,0,0,False,City of Asheville,City of Asheville,City of Asheville,05/09/2007,0.00,0.00,0,Unknown,Unknown
1504,-82.54,35.48,Unknown,,Unknown,0,0,False,City of Asheville,City of Asheville,City of Asheville,05/09/2007,0.00,0.00,0,Unknown,Unknown
1518,-82.54,35.48,Unknown,,Unknown,0,0,False,City of Asheville,City of Asheville,City of Asheville,05/09/2007,0.00,0.00,0,Unknown,Unknown
1526,-82.54,35.48,Unknown,,Unknown,0,0,False,City of Asheville,City of Asheville,City of Asheville,05/09/2007,0.00,0.00,0,Unknown,Unknown
1536,-82.54,35.49,Unknown,,Unknown,0,0,False,City of Asheville,City of Asheville,City of Asheville,05/09/2007,0.00,0.00,0,Unknown,Unknown
1560,-82.54,35.48,Unknown,,Unknown,0,0,False,City of Asheville,City of Asheville,City of Asheville,05/09/2007,0.00,0.00,0,Unknown,Unknown
1561,-82.54,35.48,Unknown,,Unknown,0,0,False,City of Asheville,City of Asheville,City of Asheville,05/09/2007,0.00,0.00,0,Unknown,Unknown
1567,-82.54,35.48,Unknown,,Unknown,0,0,False,City of Asheville,City of Asheville,City of Asheville,05/09/2007,0.00,0.00,0,Unknown,Unknown
1568,-82.54,35.48,Unknown,,Unknown,0,0,False,City of Asheville,City of Asheville,City of Asheville,05/09/2007,0.00,0.00,0,Unknown,Unknown
1574,-82.54,35.48,Unknown,,Unknown,0,0,False,City of Asheville,City of Asheville,City of Asheville,05/09/2007,0.00,0.00,0,Unknown,Unknown
1578,-82.54,35.48,Unknown,,Unknown,0,0,False,City of Asheville,City of Asheville,City of Asheville,05/09/2007,0.00,0.00,0,Unknown,Unknown
1582,-82.54,35.48,Unknown,,Unknown,0,0,False,City of Asheville,City of Asheville,City of Asheville,05/09/2007,0.00,0.00,0,Unknown,Unknown
1584,-82.54,35.48,Unknown,,Unknown,0,0,False,City of Asheville,City of Asheville,City of Asheville,05/09/2007,0.00,0.00,0,Unknown,Unknown
1587,-82.54,35.48,Unknown,,Unknown,0,0,False,City of Asheville,City of Asheville,City of Asheville,05/09/2007,0.00,0.00,0,Unknown,Unknown
1603,-82.54,35.48,Unknown,,Unknown,0,0,False,City of Asheville,City of Asheville,City of Asheville,05/09/2007,0.00,0.00,0,Unknown,Unknown
1622,-82.53,35.54,Unknown,,Unknown,0,0,False,City of Asheville,City of Asheville,City of Asheville,05/09/2007,0.00,0.00,0,Unknown,Unknown
1627,-82.53,35.55,Unknown,,Unknown,0,0,False,City of Asheville,City of Asheville,City of Asheville,05/09/2007,0.00,0.00,0,Unknown,Unknown
1629,-82.53,35.55,Unknown,,Unknown,0,0,False,City of Asheville,City of Asheville,City of Asheville,05/09/2007,0.00,0.00,0,Unknown,Unknown
1660,-82.52,35.55,Unknown,,Unknown,0,0,False,City of Asheville,City of Asheville,City of Asheville,05/09/2007,0.00,0.00,0,Unknown,Unknown
1664,-82.52,35.54,Unknown,,Unknown,0,0,False,City of Asheville,City of Asheville,City of Asheville,05/09/2007,0.00,0.00,0,Unknown,Unknown
1670,-82.52,35.54,Unknown,,Unknown,0,0,False,City of Asheville,City of Asheville,City of Asheville,05/09/2007,0.00,0.00,0,Unknown,Unknown
1677,-82.52,35.54,Unknown,,Unknown,0,0,False,City of Asheville,City of Asheville,City of Asheville,05/09/2007,0.00,0.00,0,Unknown,Unknown
1699,-82.53,35.55,Unknown,,Unknown,0,0,False,City of Asheville,City of Asheville,City of Asheville,05/09/2007,0.00,0.00,0,Unknown,Unknown
1707,-82.53,35.55,Unknown,,Unknown,0,0,False,City of Asheville,City of Asheville,City of Asheville,05/09/2007,0.00,0.00,0,Unknown,Unknown
1714,-82.52,35.54,Unknown,,Unknown,0,0,False,City of Asheville,City of Asheville,City of Asheville,05/09/2007,0.00,0.00,0,Unknown,Unknown
1721,-82.52,35.54,Unknown,,Unknown,0,0,False,City of Asheville,City of Asheville,City of Asheville,05/09/2007,0.00,0.00,0,Unknown,Unknown
1730,-82.52,35.54,Unknown,,Unknown,0,0,False,City of Asheville,City of Asheville,City of Asheville,05/09/2007,0.00,0.00,0,Unknown,Unknown
1732,-82.52,35.54,Unknown,,Unknown,0,0,False,City of Asheville,City of Asheville,City of Asheville,05/09/2007,0.00,0.00,0,Unknown,Unknown
1734,-82.52,35.54,Unknown,,Unknown,0,0,False,City of Asheville,City of Asheville,City of Asheville,05/09/2007,0.00,0.00,0,Unknown,Unknown
1737,-82.52,35.54,Unknown,,Unknown,0,0,False,City of Asheville,City of Asheville,City of Asheville,05/09/2007,0.00,0.00,0,Unknown,Unknown
1738,-82.52,35.54,Unknown,,Unknown,0,0,False,City of Asheville,City of Asheville,City of Asheville,05/09/2007,0.00,0.00,0,Unknown,Unknown
1743,-82.52,35.55,Unknown,,Unknown,0,0,False,City of Asheville,City of Asheville,City of Asheville,05/09/2007,0.00,0.00,0,Unknown,Unknown
1746,-82.52,35.55,Unknown,,Unknown,0,0,False,City of Asheville,City of Asheville,City of Asheville,05/09/2007,0.00,0.00,0,Unknown,Unknown
1752,-82.52,35.55,Unknown,,Unknown,0,0,False,City of Asheville,City of Asheville,City of Asheville,05/09/2007,0.00,0.00,0,Unknown,Unknown
1776,-82.53,35.55,Unknown,,Unknown,0,0,False,City of Asheville,City of Asheville,City of Asheville,05/09/2007,0.00,0.00,0,Unknown,Unknown
1795,-82.52,35.55,Unknown,,Unknown,0,0,False,City of Asheville,City of Asheville,City of Asheville,05/09/2007,0.00,0.00,0,Unknown,Unknown
1798,-82.52,35.55,Unknown,,Unknown,0,0,False,City of Asheville,City of Asheville,City of Asheville,05/09/2007,0.00,0.00,0,Unknown,Unknown
1800,-82.52,35.54,Unknown,,Unknown,0,0,False,City of Asheville,City of Asheville,City of Asheville,05/09/2007,0.00,0.00,0,Unknown,Unknown
1812,-82.53,35.54,Unknown,,Unknown,0,0,False,City of Asheville,City of Asheville,City of Asheville,05/09/2007,0.00,0.00,0,Unknown,Unknown
1815,-82.53,35.54,Unknown,,Unknown,0,0,False,City of Asheville,City of Asheville,City of Asheville,05/09/2007,0.00,0.00,0,Unknown,Unknown
1822,-82.53,35.54,Unknown,,Unknown,0,0,False,City of Asheville,City of Asheville,City of Asheville,05/09/2007,0.00,0.00,0,Unknown,Unknown
1825,-82.53,35.54,Unknown,,Unknown,0,0,False,City of Asheville,City of Asheville,City of Asheville,05/09/2007,0.00,0.00,0,Unknown,Unknown
1829,-82.53,35.54,Unknown,,Unknown,0,0,False,City of Asheville,City of Asheville,City of Asheville,05/09/2007,0.00,0.00,0,Unknown,Unknown
1830,-82.53,35.54,Unknown,,Unknown,0,0,False,City of Asheville,City of Asheville,City of Asheville,05/09/2007,0.00,0.00,0,Unknown,Unknown
1835,-82.53,35.54,Unknown,,Unknown,0,0,False,City of Asheville,City of Asheville,City of Asheville,05/09/2007,0.00,0.00,0,Unknown,Unknown
1836,-82.53,35.54,Unknown,,Unknown,0,0,False,City of Asheville,City of Asheville,City of Asheville,05/09/2007,0.00,0.00,0,Unknown,Unknown
1858,-82.53,35.54,Unknown,,Unknown,0,0,False,City of Asheville,City of Asheville,City of Asheville,05/09/2007,0.00,0.00,0,Unknown,Unknown
1869,-82.53,35.54,Unknown,,Unknown,0,0,False,City of Asheville,City of Asheville,City of Asheville,05/09/2007,0.00,0.00,0,Unknown,Unknown
1878,-82.53,35.54,Unknown,,Unknown,0,0,False,City of Asheville,City of Asheville,City of Asheville,05/09/2007,0.00,0.00,0,Unknown,Unknown
1885,-82.53,35.54,Unknown,,Unknown,0,0,False,City of Asheville,City of Asheville,City of Asheville,05/09/2007,0.00,0.00,0,Unknown,Unknown
1891,-82.52,35.55,Unknown,,Unknown,0,0,False,City of Asheville,City of Asheville,City of Asheville,05/09/2007,0.00,0.00,0,Unknown,Unknown
1895,-82.52,35.55,Unknown,,Unknown,0,0,False,City of Asheville,City of Asheville,City of Asheville,05/09/2007,0.00,0.00,0,Unknown,Unknown
1902,-82.52,35.55,Unknown,,Unknown,0,0,False,City of Asheville,City of Asheville,City of Asheville,05/09/2007,0.00,0.00,0,Unknown,Unknown
1908,-82.52,35.55,Unknown,,Unknown,0,0,False,City of Asheville,City of Asheville,City of Asheville,05/09/2007,0.00,0.00,0,Unknown,Unknown
1912,-82.52,35.55,Unknown,,Unknown,0,0,False,City of Asheville,City of Asheville,City of Asheville,05/09/2007,0.00,0.00,0,Unknown,Unknown
1949,-82.52,35.55,Unknown,,Unknown,0,0,False,City of Asheville,City of Asheville,City of Asheville,05/09/2007,0.00,0.00,0,Unknown,Unknown
1962,-82.52,35.55,Unknown,,Unknown,0,0,False,City of Asheville,City of Asheville,City of Asheville,05/09/2007,0.00,0.00,0,Unknown,Unknown
1965,-82.52,35.55,Unknown,,Unknown,0,0,False,City of Asheville,City of Asheville,City of Asheville,05/09/2007,0.00,0.00,0,Unknown,Unknown
1976,-82.52,35.55,Unknown,,Unknown,0,0,False,City of Asheville,City of Asheville,City of Asheville,05/09/2007,0.00,0.00,0,Unknown,Unknown
1985,-82.52,35.55,Unknown,,Unknown,0,0,False,City of Asheville,City of Asheville,City of Asheville,05/09/2007,0.00,0.00,0,Unknown,Unknown
2003,-82.53,35.54,Unknown,,Unknown,0,0,False,City of Asheville,City of Asheville,City of Asheville,05/09/2007,0.00,0.00,0,Unknown,Unknown
2015,-82.53,35.54,Unknown,,Unknown,0,0,False,City of Asheville,City of Asheville,City of Asheville,05/09/2007,0.00,0.00,0,Unknown,Unknown
2034,-82.53,35.54,Unknown,,Unknown,0,0,False,City of Asheville,City of Asheville,City of Asheville,05/09/2007,0.00,0.00,0,Unknown,Unknown
2038,-82.53,35.54,Unknown,,Unknown,0,0,False,City of Asheville,City of Asheville,City of Asheville,05/09/2007,0.00,0.00,0,Unknown,Unknown
2044,-82.52,35.54,Unknown,,Unknown,0,0,False,City of Asheville,City of Asheville,City of Asheville,05/09/2007,0.00,0.00,0,Unknown,Unknown
2057,-82.52,35.54,Unknown,,Unknown,0,0,False,City of Asheville,City of Asheville,City of Asheville,05/09/2007,0.00,0.00,0,Unknown,Unknown
2059,-82.52,35.54,Unknown,,Unknown,0,0,False,City of Asheville,City of Asheville,City of Asheville,05/09/2007,0.00,0.00,0,Unknown,Unknown
2072,-82.52,35.54,Unknown,,Unknown,0,0,False,City of Asheville,City of Asheville,City of Asheville,05/09/2007,0.00,0.00,0,Unknown,Unknown
2086,-82.52,35.54,Unknown,,Unknown,0,0,False,City of Asheville,City of Asheville,City of Asheville,05/09/2007,0.00,0.00,0,Unknown,Unknown
2092,-82.52,35.54,Unknown,,Unknown,0,0,False,City of Asheville,City of Asheville,City of Asheville,05/09/2007,0.00,0.00,0,Unknown,Unknown
2116,-82.53,35.54,Unknown,,Unknown,0,0,False,City of Asheville,City of Asheville,City of Asheville,05/09/2007,0.00,0.00,0,Unknown,Unknown
2119,-82.53,35.54,Unknown,,Unknown,0,0,False,City of Asheville,City of Asheville,City of Asheville,05/09/2007,0.00,0.00,0,Unknown,Unknown
2127,-82.53,35.54,Unknown,,Unknown,0,0,False,City of Asheville,City of Asheville,City of Asheville,05/09/2007,0.00,0.00,0,Unknown,Unknown
2129,-82.52,35.54,Unknown,,Unknown,0,0,False,City of Asheville,City of Asheville,City of Asheville,05/09/2007,0.00,0.00,0,Unknown,Unknown
2134,-82.52,35.54,Unknown,,Unknown,0,0,False,City of Asheville,City of Asheville,City of Asheville,05/09/2007,0.00,0.00,0,Unknown,Unknown
2135,-82.52,35.54,Unknown,,Unknown,0,0,False,City of Asheville,City of Asheville,City of Asheville,05/09/2007,0.00,0.00,0,Unknown,Unknown
2142,-82.52,35.54,Unknown,,Unknown,0,0,False,City of Asheville,City of Asheville,City of Asheville,05/09/2007,0.00,0.00,0,Unknown,Unknown
2143,-82.52,35.54,Unknown,,Unknown,0,0,False,City of Asheville,City of Asheville,City of Asheville,05/09/2007,0.00,0.00,0,Unknown,Unknown
2144,-82.52,35.54,Unknown,,Unknown,0,0,False,City of Asheville,City of Asheville,City of Asheville,05/09/2007,0.00,0.00,0,Unknown,Unknown
2145,-82.52,35.54,Unknown,,Unknown,0,0,False,City of Asheville,City of Asheville,City of Asheville,05/09/2007,0.00,0.00,0,Unknown,Unknown
2146,-82.52,35.54,Unknown,,Unknown,0,0,False,City of Asheville,City of Asheville,City of Asheville,05/09/2007,0.00,0.00,0,Unknown,Unknown
2147,-82.52,35.54,Unknown,,Unknown,0,0,False,City of Asheville,City of Asheville,City of Asheville,05/09/2007,0.00,0.00,0,Unknown,Unknown
2148,-82.52,35.54,Unknown,,Unknown,0,0,False,City of Asheville,City of Asheville,City of Asheville,05/09/2007,0.00,0.00,0,Unknown,Unknown
2149,-82.52,35.54,Unknown,,Unknown,0,0,False,City of Asheville,City of Asheville,City of Asheville,05/09/2007,0.00,0.00,0,Unknown,Unknown
2150,-82.52,35.54,Unknown,,Unknown,0,0,False,City of Asheville,City of Asheville,City of Asheville,05/09/2007,0.00,0.00,0,Unknown,Unknown
2151,-82.52,35.54,Unknown,,Unknown,0,0,False,City of Asheville,City of Asheville,City of Asheville,05/09/2007,0.00,0.00,0,Unknown,Unknown
2153,-82.52,35.54,Unknown,,Unknown,0,0,False,City of Asheville,City of Asheville,City of Asheville,05/09/2007,0.00,0.00,0,Unknown,Unknown
2154,-82.52,35.54,Unknown,,Unknown,0,0,False,City of Asheville,City of Asheville,City of Asheville,05/09/2007,0.00,0.00,0,Unknown,Unknown
2156,-82.52,35.54,Unknown,,Unknown,0,0,False,City of Asheville,City of Asheville,City of Asheville,05/09/2007,0.00,0.00,0,Unknown,Unknown
2161,-82.52,35.54,Unknown,,Unknown,0,0,False,City of Asheville,City of Asheville,City of Asheville,05/09/2007,0.00,0.00,0,Unknown,Unknown
2162,-82.52,35.54,Unknown,,Unknown,0,0,False,City of Asheville,City of Asheville,City of Asheville,05/09/2007,0.00,0.00,0,Unknown,Unknown
2164,-82.52,35.54,Unknown,,Unknown,0,0,False,City of Asheville,City of Asheville,City of Asheville,05/09/2007,0.00,0.00,0,Unknown,Unknown
2168,-82.52,35.54,Unknown,,Unknown,0,0,False,City of Asheville,City of Asheville,City of Asheville,05/09/2007,0.00,0.00,0,Unknown,Unknown
2170,-82.52,35.54,Unknown,,Unknown,0,0,False,City of Asheville,City of Asheville,City of Asheville,05/09/2007,0.00,0.00,0,Unknown,Unknown
2177,-82.52,35.54,Unknown,,Unknown,0,0,False,City of Asheville,City of Asheville,City of Asheville,05/09/2007,0.00,0.00,0,Unknown,Unknown
2178,-82.52,35.54,Unknown,,Unknown,0,0,False,City of Asheville,City of Asheville,City of Asheville,05/09/2007,0.00,0.00,0,Unknown,Unknown
2179,-82.52,35.54,Unknown,,Unknown,0,0,False,City of Asheville,City of Asheville,City of Asheville,05/09/2007,0.00,0.00,0,Unknown,Unknown
2181,-82.52,35.54,Unknown,,Unknown,0,0,False,City of Asheville,City of Asheville,City of Asheville,05/09/2007,0.00,0.00,0,Unknown,Unknown
2182,-82.52,35.54,Unknown,,Unknown,0,0,False,City of Asheville,City of Asheville,City of Asheville,05/09/2007,0.00,0.00,0,Unknown,Unknown
2192,-82.52,35.54,Unknown,,Unknown,0,0,False,City of Asheville,City of Asheville,City of Asheville,05/09/2007,0.00,0.00,0,Unknown,Unknown
2193,-82.52,35.54,Unknown,,Unknown,0,0,False,City of Asheville,City of Asheville,City of Asheville,05/09/2007,0.00,0.00,0,Unknown,Unknown
2194,-82.52,35.54,Unknown,,Unknown,0,0,False,City of Asheville,City of Asheville,City of Asheville,05/09/2007,0.00,0.00,0,Unknown,Unknown
2719,-82.57,35.57,Unknown,,Unknown,0,0,False,City of Asheville,City of Asheville,City of Asheville,05/09/2007,14.00,37.00,0,Unknown,Unknown
2724,-82.57,35.57,Unknown,,Unknown,0,0,False,City of Asheville,City of Asheville,City of Asheville,05/09/2007,7.00,28.00,0,Unknown,Unknown
2725,-82.57,35.57,Unknown,,Unknown,0,0,False,City of Asheville,City of Asheville,City of Asheville,05/09/2007,6.00,15.00,0,Unknown,Unknown
2726,-82.57,35.57,Unknown,,Unknown,0,0,False,City of Asheville,City of Asheville,City of Asheville,05/09/2007,18.00,24.00,0,Unknown,Unknown
2727,-82.57,35.57,Unknown,,Unknown,0,0,False,City of Asheville,City of Asheville,City of Asheville,05/09/2007,10.00,43.00,0,Unknown,Unknown
2728,-82.57,35.57,Unknown,,Unknown,0,0,False,City of Asheville,City of Asheville,City of Asheville,05/09/2007,12.00,50.00,0,Unknown,Unknown
2732,-82.57,35.57,Unknown,,Unknown,0,0,False,City of Asheville,City of Asheville,City of Asheville,05/09/2007,12.00,0.00,0,Unknown,Unknown
2734,-82.57,35.57,Unknown,,Unknown,0,0,False,City of Asheville,City of Asheville,City of Asheville,05/09/2007,9.00,0.00,0,Unknown,Unknown
2735,-82.57,35.57,Unknown,,Unknown,0,0,False,City of Asheville,City of Asheville,City of Asheville,05/09/2007,16.00,0.00,0,Unknown,Unknown
2745,-82.57,35.57,Unknown,,Unknown,0,0,False,City of Asheville,City of Asheville,City of Asheville,05/09/2007,14.00,25.00,0,Unknown,Unknown
2747,-82.57,35.57,Unknown,,Unknown,0,0,False,City of Asheville,City of Asheville,City of Asheville,05/09/2007,24.00,34.00,0,Unknown,Unknown
2750,-82.57,35.57,Unknown,,Unknown,0,0,False,City of Asheville,City of Asheville,City of Asheville,05/09/2007,10.00,21.00,0,Unknown,Unknown
2757,-82.57,35.57,Unknown,,Unknown,0,0,False,City of Asheville,City of Asheville,City of Asheville,05/09/2007,10.00,38.00,0,Unknown,Unknown
2760,-82.57,35.57,Unknown,,Unknown,0,0,False,City of Asheville,City of Asheville,City of Asheville,05/09/2007,7.00,20.00,0,Unknown,Unknown
2761,-82.57,35.57,Unknown,,Unknown,0,0,False,City of Asheville,City of Asheville,City of Asheville,05/09/2007,7.00,26.00,0,Unknown,Unknown
2767,-82.57,35.57,Unknown,,Unknown,0,0,False,City of Asheville,City of Asheville,City of Asheville,05/09/2007,22.00,41.00,0,Unknown,Unknown
2773,-82.57,35.57,Unknown,,Unknown,0,0,False,City of Asheville,City of Asheville,City of Asheville,05/09/2007,8.00,18.00,0,Unknown,Unknown
2778,-82.57,35.57,Unknown,,Unknown,0,0,False,City of Asheville,City of Asheville,City of Asheville,05/09/2007,18.00,35.00,0,Unknown,Unknown
2780,-82.57,35.57,Unknown,,Unknown,0,0,False,City of Asheville,City of Asheville,City of Asheville,05/09/2007,9.00,44.00,0,Unknown,Unknown
2785,-82.57,35.57,Unknown,,Unknown,0,0,False,City of Asheville,City of Asheville,City of Asheville,05/09/2007,8.00,21.00,0,Unknown,Unknown
2792,-82.57,35.57,Unknown,,Unknown,0,0,False,City of Asheville,City of Asheville,City of Asheville,05/09/2007,10.00,40.00,0,Unknown,Unknown
2793,-82.57,35.57,Unknown,,Unknown,0,0,False,City of Asheville,City of Asheville,City of Asheville,05/09/2007,9.00,15.00,0,Unknown,Unknown
2794,-82.57,35.57,Unknown,,Unknown,0,0,False,City of Asheville,City of Asheville,City of Asheville,05/09/2007,11.00,15.00,0,Unknown,Unknown
2796,-82.58,35.57,Unknown,,Unknown,0,0,False,City of Asheville,City of Asheville,City of Asheville,05/09/2007,7.00,23.00,0,Unknown,Unknown
2808,-82.58,35.57,Unknown,,Unknown,0,0,False,City of Asheville,City of Asheville,City of Asheville,05/09/2007,15.00,22.00,0,Unknown,Unknown
2825,-82.57,35.57,Unknown,,Unknown,0,0,False,City of Asheville,City of Asheville,City of Asheville,05/09/2007,24.00,30.00,0,Unknown,Unknown
2830,-82.57,35.57,Unknown,,Unknown,0,0,False,City of Asheville,City of Asheville,City of Asheville,05/09/2007,11.00,24.00,0,Unknown,Unknown
2842,-82.57,35.57,Unknown,,Unknown,0,0,False,City of Asheville,City of Asheville,City of Asheville,05/09/2007,23.00,50.00,0,Unknown,Unknown
2853,-82.57,35.58,Unknown,,Unknown,0,0,False,City of Asheville,City of Asheville,City of Asheville,05/09/2007,8.00,12.00,0,Unknown,Unknown
2972,-82.57,35.56,Unknown,,Unknown,0,0,False,City of Asheville,City of Asheville,City of Asheville,05/09/2007,6.00,24.00,0,Unknown,Unknown
2979,-82.57,35.56,Unknown,,Unknown,0,0,False,City of Asheville,City of Asheville,City of Asheville,05/09/2007,11.00,30.00,0,Unknown,Unknown
2981,-82.57,35.56,Unknown,,Unknown,0,0,False,City of Asheville,City of Asheville,City of Asheville,05/09/2007,8.00,32.00,0,Unknown,Unknown
2984,-82.58,35.56,Unknown,,Unknown,0,0,False,City of Asheville,City of Asheville,City of Asheville,05/09/2007,5.00,28.00,0,Unknown,Unknown
3018,-82.57,35.58,Unknown,,Unknown,0,0,False,City of Asheville,City of Asheville,City of Asheville,05/09/2007,12.00,43.00,0,Unknown,Unknown
3023,-82.57,35.58,Unknown,,Unknown,0,0,False,City of Asheville,City of Asheville,City of Asheville,05/09/2007,10.00,15.00,0,Unknown,Unknown
3037,-82.58,35.56,Unknown,,Unknown,0,0,False,City of Asheville,City of Asheville,City of Asheville,05/09/2007,19.00,68.00,0,Unknown,Unknown
3064,-82.57,35.57,Unknown,,Unknown,0,0,False,City of Asheville,City of Asheville,City of Asheville,05/09/2007,8.00,44.00,0,Unknown,Unknown
3079,-82.57,35.57,Unknown,,Unknown,0,0,False,City of Asheville,City of Asheville,City of Asheville,05/09/2007,8.00,32.00,0,Unknown,Unknown
3083,-82.57,35.57,Unknown,,Unknown,0,0,False,City of Asheville,City of Asheville,City of Asheville,05/09/2007,21.00,22.00,0,Unknown,Unknown
3126,-82.57,35.56,Unknown,,Unknown,0,0,False,City of Asheville,City of Asheville,City of Asheville,05/09/2007,16.00,30.00,0,Unknown,Unknown
3158,-82.57,35.56,Unknown,,Unknown,0,0,False,City of Asheville,City of Asheville,City of Asheville,05/09/2007,10.00,18.00,0,Unknown,Unknown
3173,-82.57,35.58,Unknown,,Unknown,0,0,False,City of Asheville,City of Asheville,City of Asheville,05/09/2007,7.00,38.00,0,Unknown,Unknown
3198,-82.58,35.58,Unknown,,Unknown,0,0,False,City of Asheville,City of Asheville,City of Asheville,05/09/2007,6.00,19.00,0,Unknown,Unknown
3247,-82.57,35.58,Unknown,,Unknown,0,0,False,City of Asheville,City of Asheville,City of Asheville,05/09/2007,10.00,50.00,0,Unknown,Unknown
3248,-82.57,35.58,Unknown,,Unknown,0,0,False,City of Asheville,City of Asheville,City of Asheville,05/09/2007,13.00,46.00,0,Unknown,Unknown
3249,-82.57,35.58,Unknown,,Unknown,0,0,False,City of Asheville,City of Asheville,City of Asheville,05/09/2007,7.00,36.00,0,Unknown,Unknown
3599,-82.50,35.56,Unknown,,Unknown,0,0,False,City of Asheville,City of Asheville,City of Asheville,05/09/2007,19.00,18.00,0,Unknown,Unknown
4156,-82.55,35.59,Unknown,,Unknown,8.00,5.00,False,City of Asheville,City of Asheville,City of Asheville,05/09/2007,4.00,10.00,0,Unknown,Unknown
4157,-82.55,35.59,Unknown,,Unknown,0,0,False,City of Asheville,City of Asheville,City of Asheville,05/09/2007,3.00,12.00,0,Unknown,Unknown
4242,-82.54,35.57,Unknown,,Unknown,0,0,False,City of Asheville,City of Asheville,City of Asheville,05/09/2007,26.00,30.00,0,Unknown,Unknown
4556,-82.54,35.56,Unknown,,Unknown,0,0,False,City of Asheville,City of Asheville,City of Asheville,05/09/2007,45.00,60.00,0,Unknown,Unknown
4675,-82.55,35.59,Unknown,,Unknown,0,0,False,City of Asheville,City of Asheville,City of Asheville,05/09/2007,0.00,0.00,0,Unknown,Unknown
4676,-82.55,35.59,Unknown,,Unknown,0,0,False,City of Asheville,City of Asheville,City of Asheville,05/09/2007,0.00,0.00,0,Unknown,Unknown
4916,-82.55,35.59,Unknown,,Unknown,0,0,False,City of Asheville,City of Asheville,City of Asheville,03/20/2008,2.00,8.00,0,Unknown,Unknown
4924,-82.55,35.59,Unknown,,Unknown,0,0,False,City of Asheville,City of Asheville,City of Asheville,03/20/2008,2.00,8.00,0,Unknown,Unknown
4925,-82.55,35.59,Unknown,,Unknown,0,0,False,City of Asheville,City of Asheville,City of Asheville,03/20/2008,2.00,8.00,0,Unknown,Unknown
4932,-82.55,35.59,Unknown,,Unknown,0,0,False,City of Asheville,City of Asheville,City of Asheville,03/20/2008,3.00,8.00,0,Unknown,Unknown
5043,-82.54,35.59,Unknown,,Unknown,0,0,False,City of Asheville,City of Asheville,City of Asheville,04/09/2009,2.00,6.00,0,Unknown,Unknown
5090,-82.59,35.58,Unknown,,Unknown,0,0,False,City of Asheville,City of Asheville,City of Asheville,05/11/2009,2.00,6.00,0,Unknown,Unknown
5106,-82.54,35.59,Unknown,,Unknown,0,0,False,City of Asheville,City of Asheville,City of Asheville,03/03/2010,2.00,8.00,0,Unknown,Unknown
5121,-82.55,35.59,Unknown,,Unknown,0,0,False,City of Asheville,City of Asheville,City of Asheville,04/22/2010,0.00,0.00,0,Unknown,Unknown
5164,-82.54,35.62,Unknown,,Unknown,0,0,False,City of Asheville,City of Asheville,City of Asheville,04/03/2012,4.00,12.00,0,Unknown,Unknown
5170,-82.56,35.63,Unknown,,Unknown,0,0,False,City of Asheville,City of Asheville,City of Asheville,04/04/2012,4.00,12.00,0,Unknown,Unknown

